/*
 Navicat Premium Data Transfer

 Source Server         : localhost_3306
 Source Server Type    : MySQL
 Source Server Version : 50710
 Source Host           : localhost:3306
 Source Schema         : xiaonuo-vue-pub

 Target Server Type    : Oracle
 Target Server Version : 110200
 File Encoding         : 65001

 Date: 01/03/2021 12:47:20
*/


-- ----------------------------
-- Table structure for sys_app
-- ----------------------------
CREATE TABLE "SYS_APP" (
  "ID" NUMBER(20) NOT NULL ,
  "NAME" NVARCHAR2(100) NOT NULL ,
  "CODE" NVARCHAR2(50) NOT NULL ,
  "ACTIVE" NVARCHAR2(1) ,
  "STATUS" NUMBER(4) NOT NULL ,
  "CREATE_TIME" DATE ,
  "CREATE_USER" NUMBER(20) ,
  "UPDATE_TIME" DATE ,
  "UPDATE_USER" NUMBER(20)
)
;
COMMENT ON COLUMN "SYS_APP"."ID" IS '主键id';
COMMENT ON COLUMN "SYS_APP"."NAME" IS '应用名称';
COMMENT ON COLUMN "SYS_APP"."CODE" IS '编码';
COMMENT ON COLUMN "SYS_APP"."ACTIVE" IS '是否默认激活（Y-是，N-否）';
COMMENT ON COLUMN "SYS_APP"."STATUS" IS '状态（字典 0正常 1停用 2删除）';
COMMENT ON COLUMN "SYS_APP"."CREATE_TIME" IS '创建时间';
COMMENT ON COLUMN "SYS_APP"."CREATE_USER" IS '创建人';
COMMENT ON COLUMN "SYS_APP"."UPDATE_TIME" IS '修改时间';
COMMENT ON COLUMN "SYS_APP"."UPDATE_USER" IS '修改人';
COMMENT ON TABLE "SYS_APP" IS '系统应用表';

-- ----------------------------
-- Records of sys_app
-- ----------------------------
INSERT INTO "SYS_APP" VALUES ('1265476890672672821', '系统应用', 'system', 'Y', '0', TO_DATE('2020-03-25 19:07:00', 'SYYYY-MM-DD HH24:MI:SS'), '1265476890672672808', TO_DATE('2020-08-15 15:23:05', 'SYYYY-MM-DD HH24:MI:SS'), '1280709549107552257');
INSERT INTO "SYS_APP" VALUES ('1265476890672672822', '业务应用', 'business', 'N', '2', TO_DATE('2020-03-26 08:40:33', 'SYYYY-MM-DD HH24:MI:SS'), '1265476890672672808', TO_DATE('2020-09-23 22:00:01', 'SYYYY-MM-DD HH24:MI:SS'), '1265476890672672808');
INSERT INTO "SYS_APP" VALUES ('1342445032647098369', '系统工具', 'system_tool', 'N', '0', TO_DATE('2020-12-25 20:20:12', 'SYYYY-MM-DD HH24:MI:SS'), '1265476890672672808', NULL, NULL);
COMMIT;

-- ----------------------------
-- Table structure for sys_code_generate
-- ----------------------------
CREATE TABLE "SYS_CODE_GENERATE" (
  "ID" NUMBER(20) NOT NULL ,
  "AUTHOR_NAME" NVARCHAR2(255) NOT NULL ,
  "CLASS_NAME" NVARCHAR2(255) NOT NULL ,
  "TABLE_PREFIX" NVARCHAR2(255) NOT NULL ,
  "GENERATE_TYPE" NVARCHAR2(255) NOT NULL ,
  "TABLE_NAME" NVARCHAR2(255) NOT NULL ,
  "PACKAGE_NAME" NVARCHAR2(255) ,
  "BUS_NAME" NVARCHAR2(255) ,
  "TABLE_COMMENT" NVARCHAR2(255) ,
  "CREATE_USER" NUMBER(20) ,
  "CREATE_TIME" DATE ,
  "UPDATE_USER" NUMBER(20) ,
  "UPDATE_TIME" DATE
)
;
COMMENT ON COLUMN "SYS_CODE_GENERATE"."ID" IS '主键';
COMMENT ON COLUMN "SYS_CODE_GENERATE"."AUTHOR_NAME" IS '作者姓名';
COMMENT ON COLUMN "SYS_CODE_GENERATE"."CLASS_NAME" IS '类名';
COMMENT ON COLUMN "SYS_CODE_GENERATE"."TABLE_PREFIX" IS '是否移除表前缀';
COMMENT ON COLUMN "SYS_CODE_GENERATE"."GENERATE_TYPE" IS '生成位置类型';
COMMENT ON COLUMN "SYS_CODE_GENERATE"."TABLE_NAME" IS '数据库表名';
COMMENT ON COLUMN "SYS_CODE_GENERATE"."PACKAGE_NAME" IS '包名称';
COMMENT ON COLUMN "SYS_CODE_GENERATE"."BUS_NAME" IS '业务名';
COMMENT ON COLUMN "SYS_CODE_GENERATE"."TABLE_COMMENT" IS '功能名';
COMMENT ON COLUMN "SYS_CODE_GENERATE"."CREATE_USER" IS '创建人';
COMMENT ON COLUMN "SYS_CODE_GENERATE"."CREATE_TIME" IS '创建时间';
COMMENT ON COLUMN "SYS_CODE_GENERATE"."UPDATE_USER" IS '更新人';
COMMENT ON COLUMN "SYS_CODE_GENERATE"."UPDATE_TIME" IS '更新时间';
COMMENT ON TABLE "SYS_CODE_GENERATE" IS '代码生成基础配置';

-- ----------------------------
-- Records of sys_code_generate
-- ----------------------------
INSERT INTO "SYS_CODE_GENERATE" VALUES ('1362310959781744641', 'yubaoshan、xuyuxiang、dongxiayu', 'CodeGenTest', 'Y', '2', 'xn_code_gen_test', 'com.cn.xiaonuo', 'codegentest', '测试', '1265476890672672808', TO_DATE('2021-02-18 16:00:18', 'SYYYY-MM-DD HH24:MI:SS'), NULL, NULL);
COMMIT;

-- ----------------------------
-- Table structure for sys_code_generate_config
-- ----------------------------
CREATE TABLE "SYS_CODE_GENERATE_CONFIG" (
  "ID" NUMBER(20) NOT NULL ,
  "CODE_GEN_ID" NUMBER(20) ,
  "COLUMN_NAME" VARCHAR2(255) ,
  "JAVA_NAME" VARCHAR2(255) ,
  "DATA_TYPE" VARCHAR2(255) ,
  "COLUMN_COMMENT" NVARCHAR2(255) ,
  "JAVA_TYPE" VARCHAR2(255) ,
  "EFFECT_TYPE" VARCHAR2(255) ,
  "DICT_TYPE_CODE" VARCHAR2(255) ,
  "WHETHER_TABLE" VARCHAR2(255) ,
  "WHETHER_ADD_UPDATE" VARCHAR2(255) ,
  "WHETHER_RETRACT" VARCHAR2(255) ,
  "WHETHER_REQUIRED" VARCHAR2(255) ,
  "QUERY_WHETHER" VARCHAR2(255) ,
  "QUERY_TYPE" VARCHAR2(255) ,
  "COLUMN_KEY" VARCHAR2(255) ,
  "COLUMN_KEY_NAME" VARCHAR2(255) ,
  "WHETHER_COMMON" VARCHAR2(255) ,
  "CREATE_TIME" DATE ,
  "CREATE_USER" NUMBER(20) ,
  "UPDATE_TIME" DATE ,
  "UPDATE_USER" NUMBER(20)
)
;
COMMENT ON COLUMN "SYS_CODE_GENERATE_CONFIG"."ID" IS '主键';
COMMENT ON COLUMN "SYS_CODE_GENERATE_CONFIG"."CODE_GEN_ID" IS '代码生成主表ID';
COMMENT ON COLUMN "SYS_CODE_GENERATE_CONFIG"."COLUMN_NAME" IS '数据库字段名';
COMMENT ON COLUMN "SYS_CODE_GENERATE_CONFIG"."JAVA_NAME" IS 'java类字段名';
COMMENT ON COLUMN "SYS_CODE_GENERATE_CONFIG"."DATA_TYPE" IS '物理类型';
COMMENT ON COLUMN "SYS_CODE_GENERATE_CONFIG"."COLUMN_COMMENT" IS '字段描述';
COMMENT ON COLUMN "SYS_CODE_GENERATE_CONFIG"."JAVA_TYPE" IS 'java类型';
COMMENT ON COLUMN "SYS_CODE_GENERATE_CONFIG"."EFFECT_TYPE" IS '作用类型（字典）';
COMMENT ON COLUMN "SYS_CODE_GENERATE_CONFIG"."DICT_TYPE_CODE" IS '字典code';
COMMENT ON COLUMN "SYS_CODE_GENERATE_CONFIG"."WHETHER_TABLE" IS '列表展示';
COMMENT ON COLUMN "SYS_CODE_GENERATE_CONFIG"."WHETHER_ADD_UPDATE" IS '增改';
COMMENT ON COLUMN "SYS_CODE_GENERATE_CONFIG"."WHETHER_RETRACT" IS '列表是否缩进（字典）';
COMMENT ON COLUMN "SYS_CODE_GENERATE_CONFIG"."WHETHER_REQUIRED" IS '是否必填（字典）';
COMMENT ON COLUMN "SYS_CODE_GENERATE_CONFIG"."QUERY_WHETHER" IS '是否是查询条件';
COMMENT ON COLUMN "SYS_CODE_GENERATE_CONFIG"."QUERY_TYPE" IS '查询方式';
COMMENT ON COLUMN "SYS_CODE_GENERATE_CONFIG"."COLUMN_KEY" IS '主键';
COMMENT ON COLUMN "SYS_CODE_GENERATE_CONFIG"."COLUMN_KEY_NAME" IS '主外键名称';
COMMENT ON COLUMN "SYS_CODE_GENERATE_CONFIG"."WHETHER_COMMON" IS '是否是通用字段';
COMMENT ON COLUMN "SYS_CODE_GENERATE_CONFIG"."CREATE_TIME" IS '创建时间';
COMMENT ON COLUMN "SYS_CODE_GENERATE_CONFIG"."CREATE_USER" IS '创建人';
COMMENT ON COLUMN "SYS_CODE_GENERATE_CONFIG"."UPDATE_TIME" IS '修改时间';
COMMENT ON COLUMN "SYS_CODE_GENERATE_CONFIG"."UPDATE_USER" IS '修改人';
COMMENT ON TABLE "SYS_CODE_GENERATE_CONFIG" IS '代码生成详细配置';

-- ----------------------------
-- Records of sys_code_generate_config
-- ----------------------------
INSERT INTO "SYS_CODE_GENERATE_CONFIG" VALUES ('1362310959903379458', '1362310959781744641', 'id', 'id', 'bigint', '主键', 'Long', 'input', NULL, 'N', 'N', 'N', 'N', 'N', 'eq', 'PRI', 'Id', 'N', TO_DATE('2021-02-18 16:00:18', 'SYYYY-MM-DD HH24:MI:SS'), '1265476890672672808', TO_DATE('2021-02-18 16:02:31', 'SYYYY-MM-DD HH24:MI:SS'), '1265476890672672808');
INSERT INTO "SYS_CODE_GENERATE_CONFIG" VALUES ('1362310959941128193', '1362310959781744641', 'name', 'name', 'varchar', '姓名', 'String', 'input', NULL, 'Y', 'Y', 'N', 'Y', 'Y', 'like', '', 'Name', 'N', TO_DATE('2021-02-18 16:00:18', 'SYYYY-MM-DD HH24:MI:SS'), '1265476890672672808', TO_DATE('2021-02-18 16:02:31', 'SYYYY-MM-DD HH24:MI:SS'), '1265476890672672808');
INSERT INTO "SYS_CODE_GENERATE_CONFIG" VALUES ('1362310959978876929', '1362310959781744641', 'age', 'age', 'int', '年龄', 'Integer', 'input', NULL, 'Y', 'Y', 'N', 'Y', 'Y', 'eq', '', 'Age', 'N', TO_DATE('2021-02-18 16:00:18', 'SYYYY-MM-DD HH24:MI:SS'), '1265476890672672808', TO_DATE('2021-02-18 16:02:31', 'SYYYY-MM-DD HH24:MI:SS'), '1265476890672672808');
INSERT INTO "SYS_CODE_GENERATE_CONFIG" VALUES ('1362310960008237058', '1362310959781744641', 'interest', 'interest', 'varchar', '兴趣', 'String', 'checkbox', 'sex', 'Y', 'Y', 'N', 'Y', 'N', 'eq', '', 'Interest', 'N', TO_DATE('2021-02-18 16:00:18', 'SYYYY-MM-DD HH24:MI:SS'), '1265476890672672808', TO_DATE('2021-02-18 16:02:31', 'SYYYY-MM-DD HH24:MI:SS'), '1265476890672672808');
INSERT INTO "SYS_CODE_GENERATE_CONFIG" VALUES ('1362310960033402881', '1362310959781744641', 'switchTest', 'switchtest', 'varchar', '开关', 'String', 'radio', 'yes_or_no', 'Y', 'Y', 'N', 'Y', 'Y', 'eq', '', 'Switchtest', 'N', TO_DATE('2021-02-18 16:00:18', 'SYYYY-MM-DD HH24:MI:SS'), '1265476890672672808', TO_DATE('2021-02-18 16:02:31', 'SYYYY-MM-DD HH24:MI:SS'), '1265476890672672808');
INSERT INTO "SYS_CODE_GENERATE_CONFIG" VALUES ('1362310960062763009', '1362310959781744641', 'birthday', 'birthday', 'date', '日期', 'Date', 'datepicker', NULL, 'Y', 'Y', 'N', 'Y', 'Y', 'eq', '', 'Birthday', 'N', TO_DATE('2021-02-18 16:00:18', 'SYYYY-MM-DD HH24:MI:SS'), '1265476890672672808', TO_DATE('2021-02-18 16:02:31', 'SYYYY-MM-DD HH24:MI:SS'), '1265476890672672808');
INSERT INTO "SYS_CODE_GENERATE_CONFIG" VALUES ('1362310960096317442', '1362310959781744641', 'whether', 'whether', 'varchar', '是否已婚', 'String', 'select', 'yes_or_no', 'Y', 'Y', 'N', 'Y', 'Y', 'eq', '', 'Whether', 'N', TO_DATE('2021-02-18 16:00:18', 'SYYYY-MM-DD HH24:MI:SS'), '1265476890672672808', TO_DATE('2021-02-18 16:02:31', 'SYYYY-MM-DD HH24:MI:SS'), '1265476890672672808');
INSERT INTO "SYS_CODE_GENERATE_CONFIG" VALUES ('1362310960121483266', '1362310959781744641', 'explainTest', 'explaintest', 'varchar', '简介', 'String', 'textarea', NULL, 'N', 'Y', 'N', 'Y', 'Y', 'eq', '', 'Explain', 'N', TO_DATE('2021-02-18 16:00:18', 'SYYYY-MM-DD HH24:MI:SS'), '1265476890672672808', TO_DATE('2021-02-18 16:02:31', 'SYYYY-MM-DD HH24:MI:SS'), '1265476890672672808');
INSERT INTO "SYS_CODE_GENERATE_CONFIG" VALUES ('1362310960150843393', '1362310959781744641', 'create_time', 'createTime', 'datetime', '创建时间', 'Date', 'datepicker', NULL, 'N', 'N', 'N', 'N', 'N', 'eq', '', 'CreateTime', 'Y', TO_DATE('2021-02-18 16:00:18', 'SYYYY-MM-DD HH24:MI:SS'), '1265476890672672808', TO_DATE('2021-02-18 16:02:31', 'SYYYY-MM-DD HH24:MI:SS'), '1265476890672672808');
INSERT INTO "SYS_CODE_GENERATE_CONFIG" VALUES ('1362310960176009218', '1362310959781744641', 'create_user', 'createUser', 'bigint', '', 'Long', 'input', NULL, 'N', 'N', 'N', 'N', 'N', 'eq', '', 'CreateUser', 'Y', TO_DATE('2021-02-18 16:00:18', 'SYYYY-MM-DD HH24:MI:SS'), '1265476890672672808', TO_DATE('2021-02-18 16:02:31', 'SYYYY-MM-DD HH24:MI:SS'), '1265476890672672808');
INSERT INTO "SYS_CODE_GENERATE_CONFIG" VALUES ('1362310960201175041', '1362310959781744641', 'update_time', 'updateTime', 'datetime', '', 'Date', 'datepicker', NULL, 'N', 'N', 'N', 'N', 'N', 'eq', '', 'UpdateTime', 'Y', TO_DATE('2021-02-18 16:00:18', 'SYYYY-MM-DD HH24:MI:SS'), '1265476890672672808', TO_DATE('2021-02-18 16:02:31', 'SYYYY-MM-DD HH24:MI:SS'), '1265476890672672808');
INSERT INTO "SYS_CODE_GENERATE_CONFIG" VALUES ('1362310960234729473', '1362310959781744641', 'update_user', 'updateUser', 'bigint', '', 'Long', 'input', NULL, 'N', 'N', 'N', 'N', 'N', 'eq', '', 'UpdateUser', 'Y', TO_DATE('2021-02-18 16:00:18', 'SYYYY-MM-DD HH24:MI:SS'), '1265476890672672808', TO_DATE('2021-02-18 16:02:31', 'SYYYY-MM-DD HH24:MI:SS'), '1265476890672672808');
COMMIT;

-- ----------------------------
-- Table structure for sys_config
-- ----------------------------
CREATE TABLE "SYS_CONFIG" (
  "ID" NUMBER(20) NOT NULL ,
  "NAME" NVARCHAR2(100) NOT NULL ,
  "CODE" NVARCHAR2(50) NOT NULL ,
  "VALUE" NVARCHAR2(255) NOT NULL ,
  "SYS_FLAG" NCHAR(1) NOT NULL ,
  "REMARK" NVARCHAR2(255) ,
  "STATUS" NUMBER(4) NOT NULL ,
  "GROUP_CODE" NVARCHAR2(255) NOT NULL ,
  "CREATE_TIME" DATE ,
  "CREATE_USER" NUMBER(20) ,
  "UPDATE_TIME" DATE ,
  "UPDATE_USER" NUMBER(20)
)
;
COMMENT ON COLUMN "SYS_CONFIG"."ID" IS '主键';
COMMENT ON COLUMN "SYS_CONFIG"."NAME" IS '名称';
COMMENT ON COLUMN "SYS_CONFIG"."CODE" IS '编码';
COMMENT ON COLUMN "SYS_CONFIG"."VALUE" IS '值';
COMMENT ON COLUMN "SYS_CONFIG"."SYS_FLAG" IS '是否是系统参数（Y-是，N-否）';
COMMENT ON COLUMN "SYS_CONFIG"."REMARK" IS '备注';
COMMENT ON COLUMN "SYS_CONFIG"."STATUS" IS '状态（字典 0正常 1停用 2删除）';
COMMENT ON COLUMN "SYS_CONFIG"."GROUP_CODE" IS '常量所属分类的编码，来自于“常量的分类”字典';
COMMENT ON COLUMN "SYS_CONFIG"."CREATE_TIME" IS '创建时间';
COMMENT ON COLUMN "SYS_CONFIG"."CREATE_USER" IS '创建人';
COMMENT ON COLUMN "SYS_CONFIG"."UPDATE_TIME" IS '更新时间';
COMMENT ON COLUMN "SYS_CONFIG"."UPDATE_USER" IS '更新人';
COMMENT ON TABLE "SYS_CONFIG" IS '系统参数配置表';

-- ----------------------------
-- Records of sys_config
-- ----------------------------
INSERT INTO "SYS_CONFIG" VALUES ('1265117443880853506', 'jwt密钥', 'XIAONUO_JWT_SECRET', 'xiaonuo', 'Y', '（重要）jwt密钥，默认为空，自行设置', '0', 'DEFAULT', TO_DATE('2020-05-26 06:35:19', 'SYYYY-MM-DD HH24:MI:SS'), '1265476890672672808', NULL, NULL);
INSERT INTO "SYS_CONFIG" VALUES ('1265117443880853507', '默认密码', 'XIAONUO_DEFAULT_PASSWORD', '123456', 'Y', '默认密码', '0', 'DEFAULT', TO_DATE('2020-05-26 06:37:56', 'SYYYY-MM-DD HH24:MI:SS'), '1265476890672672808', NULL, NULL);
INSERT INTO "SYS_CONFIG" VALUES ('1265117443880853508', 'token过期时间', 'XIAONUO_TOKEN_EXPIRE', '86400', 'Y', 'token过期时间（单位：秒）', '0', 'DEFAULT', TO_DATE('2020-05-27 11:54:49', 'SYYYY-MM-DD HH24:MI:SS'), '1265476890672672808', NULL, NULL);
INSERT INTO "SYS_CONFIG" VALUES ('1265117443880853509', 'session会话过期时间', 'XIAONUO_SESSION_EXPIRE', '7200', 'Y', 'session会话过期时间（单位：秒）', '0', 'DEFAULT', TO_DATE('2020-05-27 11:54:49', 'SYYYY-MM-DD HH24:MI:SS'), '1265476890672672808', NULL, NULL);
INSERT INTO "SYS_CONFIG" VALUES ('1265117443880853519', '阿里云短信keyId', 'XIAONUO_ALIYUN_SMS_ACCESSKEY_ID', '你的keyId', 'Y', '阿里云短信keyId', '0', 'ALIYUN_SMS', TO_DATE('2020-06-07 16:27:11', 'SYYYY-MM-DD HH24:MI:SS'), '1265476890672672808', NULL, NULL);
INSERT INTO "SYS_CONFIG" VALUES ('1269547042242371585', '阿里云短信secret', 'XIAONUO_ALIYUN_SMS_ACCESSKEY_SECRET', '你的secret', 'Y', '阿里云短信secret', '0', 'ALIYUN_SMS', TO_DATE('2020-06-07 16:29:37', 'SYYYY-MM-DD HH24:MI:SS'), '1265476890672672808', NULL, NULL);
INSERT INTO "SYS_CONFIG" VALUES ('1269547130041737217', '阿里云短信签名', 'XIAONUO_ALIYUN_SMS_SIGN_NAME', 'XiaoNuo快速开发平台', 'Y', '阿里云短信签名', '0', 'ALIYUN_SMS', TO_DATE('2020-06-07 16:29:58', 'SYYYY-MM-DD HH24:MI:SS'), '1265476890672672808', NULL, NULL);
INSERT INTO "SYS_CONFIG" VALUES ('1269547279530926081', '阿里云短信-登录模板号', 'XIAONUO_ALIYUN_SMS_LOGIN_TEMPLATE_CODE', 'SMS_1877123456', 'Y', '阿里云短信-登录模板号', '0', 'ALIYUN_SMS', TO_DATE('2020-06-07 16:30:33', 'SYYYY-MM-DD HH24:MI:SS'), '1265476890672672808', NULL, NULL);
INSERT INTO "SYS_CONFIG" VALUES ('1269547410879750145', '阿里云短信默认失效时间', 'XIAONUO_ALIYUN_SMS_INVALIDATE_MINUTES', '5', 'Y', '阿里云短信默认失效时间（单位：分钟）', '0', 'ALIYUN_SMS', TO_DATE('2020-06-07 16:31:04', 'SYYYY-MM-DD HH24:MI:SS'), '1265476890672672808', NULL, NULL);
INSERT INTO "SYS_CONFIG" VALUES ('1269575927357071361', '腾讯云短信secretId', 'XIAONUO_TENCENT_SMS_SECRET_ID', '你的secretId', 'Y', '腾讯云短信secretId', '0', 'TENCENT_SMS', TO_DATE('2020-06-07 18:24:23', 'SYYYY-MM-DD HH24:MI:SS'), '1265476890672672808', NULL, NULL);
INSERT INTO "SYS_CONFIG" VALUES ('1269575991693500418', '腾讯云短信secretKey', 'XIAONUO_TENCENT_SMS_SECRET_KEY', '你的secretkey', 'Y', '腾讯云短信secretKey', '0', 'TENCENT_SMS', TO_DATE('2020-06-07 18:24:39', 'SYYYY-MM-DD HH24:MI:SS'), '1265476890672672808', NULL, NULL);
INSERT INTO "SYS_CONFIG" VALUES ('1269576044084551682', '腾讯云短信sdkAppId', 'XIAONUO_TENCENT_SMS_SDK_APP_ID', '1400375123', 'Y', '腾讯云短信sdkAppId', '0', 'TENCENT_SMS', TO_DATE('2020-06-07 18:24:51', 'SYYYY-MM-DD HH24:MI:SS'), '1265476890672672808', NULL, NULL);
INSERT INTO "SYS_CONFIG" VALUES ('1269576089294954497', '腾讯云短信签名', 'XIAONUO_TENCENT_SMS_SIGN', 'XiaoNuo快速开发平台', 'Y', '腾讯云短信签名', '0', 'TENCENT_SMS', TO_DATE('2020-06-07 18:25:02', 'SYYYY-MM-DD HH24:MI:SS'), '1265476890672672808', NULL, NULL);
INSERT INTO "SYS_CONFIG" VALUES ('1270378172860403713', '邮箱host', 'XIAONUO_EMAIL_HOST', 'smtp.126.com', 'Y', '邮箱host', '0', 'EMAIL', TO_DATE('2020-06-09 23:32:14', 'SYYYY-MM-DD HH24:MI:SS'), '1265476890672672808', NULL, NULL);
INSERT INTO "SYS_CONFIG" VALUES ('1270378295543795714', '邮箱用户名', 'XIAONUO_EMAIL_USERNAME', 'test@126.com', 'Y', '邮箱用户名', '0', 'EMAIL', TO_DATE('2020-06-09 23:32:43', 'SYYYY-MM-DD HH24:MI:SS'), '1265476890672672808', NULL, NULL);
INSERT INTO "SYS_CONFIG" VALUES ('1270378340510928897', '邮箱密码', 'XIAONUO_EMAIL_PASSWORD', '你的邮箱密码', 'Y', '邮箱密码', '0', 'EMAIL', TO_DATE('2020-06-09 23:32:54', 'SYYYY-MM-DD HH24:MI:SS'), '1265476890672672808', NULL, NULL);
INSERT INTO "SYS_CONFIG" VALUES ('1270378527358783489', '邮箱端口', 'XIAONUO_EMAIL_PORT', '465', 'Y', '邮箱端口', '0', 'EMAIL', TO_DATE('2020-06-09 23:33:38', 'SYYYY-MM-DD HH24:MI:SS'), '1265476890672672808', NULL, NULL);
INSERT INTO "SYS_CONFIG" VALUES ('1270378790035460097', '邮箱是否开启ssl', 'XIAONUO_EMAIL_SSL', 'true', 'Y', '邮箱是否开启ssl', '0', 'EMAIL', TO_DATE('2020-06-09 23:34:41', 'SYYYY-MM-DD HH24:MI:SS'), '1265476890672672808', NULL, NULL);
INSERT INTO "SYS_CONFIG" VALUES ('1270380786649972737', '邮箱发件人', 'XIAONUO_EMAIL_FROM', 'test@126.com', 'Y', '邮箱发件人', '0', 'EMAIL', TO_DATE('2020-06-09 23:42:37', 'SYYYY-MM-DD HH24:MI:SS'), '1265476890672672808', NULL, NULL);
INSERT INTO "SYS_CONFIG" VALUES ('1270380786649972738', 'win本地上传文件路径', 'XIAONUO_FILE_UPLOAD_PATH_FOR_WINDOWS', 'd:/tmp', 'Y', 'win本地上传文件路径', '0', 'FILE_PATH', TO_DATE('2020-06-09 23:42:37', 'SYYYY-MM-DD HH24:MI:SS'), '1265476890672672808', NULL, NULL);
INSERT INTO "SYS_CONFIG" VALUES ('1270380786649972739', 'linux/mac本地上传文件路径', 'XIAONUO_FILE_UPLOAD_PATH_FOR_LINUX', '/tmp', 'Y', 'linux/mac本地上传文件路径', '0', 'FILE_PATH', TO_DATE('2020-06-09 23:42:37', 'SYYYY-MM-DD HH24:MI:SS'), '1265476890672672808', NULL, NULL);
INSERT INTO "SYS_CONFIG" VALUES ('1270380786649982740', 'XiaoNuo演示环境', 'XIAONUO_DEMO_ENV_FLAG', 'false', 'Y', 'XiaoNuo演示环境的开关，true-打开，false-关闭，如果演示环境开启，则只能读数据不能写数据', '0', 'DEFAULT', TO_DATE('2020-06-09 23:42:37', 'SYYYY-MM-DD HH24:MI:SS'), '1265476890672672808', TO_DATE('2020-09-03 14:38:17', 'SYYYY-MM-DD HH24:MI:SS'), '1265476890672672808');
INSERT INTO "SYS_CONFIG" VALUES ('1270380786649982741', 'XiaoNuo放开XSS过滤的接口', 'XIAONUO_UN_XSS_FILTER_URL', '/demo/xssfilter,/demo/unxss', 'Y', '多个url可以用英文逗号隔开', '0', 'DEFAULT', TO_DATE('2020-06-09 23:42:37', 'SYYYY-MM-DD HH24:MI:SS'), '1265476890672672808', NULL, NULL);
INSERT INTO "SYS_CONFIG" VALUES ('1270380786649982742', '单用户登陆的开关', 'XIAONUO_ENABLE_SINGLE_LOGIN', 'false', 'Y', '单用户登陆的开关，true-打开，false-关闭，如果一个人登录两次，就会将上一次登陆挤下去', '0', 'DEFAULT', TO_DATE('2020-06-09 23:42:37', 'SYYYY-MM-DD HH24:MI:SS'), '1265476890672672808', NULL, NULL);
INSERT INTO "SYS_CONFIG" VALUES ('1270380786649982743', '登录验证码的开关', 'XIAONUO_CAPTCHA_OPEN', 'true', 'Y', '登录验证码的开关，true-打开，false-关闭', '0', 'DEFAULT', TO_DATE('2020-06-09 23:42:37', 'SYYYY-MM-DD HH24:MI:SS'), '1265476890672672808', NULL, NULL);
INSERT INTO "SYS_CONFIG" VALUES ('1280694183769792514', 'druid监控登录账号', 'XIAONUO_DRUID_USERNAME', 'superAdmin', 'Y', 'druid监控登录账号', '0', 'DEFAULT', TO_DATE('2020-07-08 10:44:22', 'SYYYY-MM-DD HH24:MI:SS'), '1265476890672672808', NULL, NULL);
INSERT INTO "SYS_CONFIG" VALUES ('1280694281648070658', 'druid监控界面登录密码', 'XIAONUO_DRUID_PASSWORD', '123456', 'Y', 'druid监控登录密码', '0', 'DEFAULT', TO_DATE('2020-07-08 10:44:46', 'SYYYY-MM-DD HH24:MI:SS'), '1265476890672672808', NULL, NULL);
INSERT INTO "SYS_CONFIG" VALUES ('1280694281648070659', '阿里云定位api接口地址', 'XIAONUO_IP_GEO_API', 'http://api01.aliyun.venuscn.com/ip?ip=%s', 'Y', '阿里云定位api接口地址', '0', 'DEFAULT', TO_DATE('2020-07-20 10:44:46', 'SYYYY-MM-DD HH24:MI:SS'), '1265476890672672808', NULL, NULL);
INSERT INTO "SYS_CONFIG" VALUES ('1280694281648070660', '阿里云定位appCode', 'XIAONUO_IP_GEO_APP_CODE', '461535aabeae4f34861884d392f5d452', 'Y', '阿里云定位appCode', '0', 'DEFAULT', TO_DATE('2020-07-20 10:44:46', 'SYYYY-MM-DD HH24:MI:SS'), '1265476890672672808', NULL, NULL);
INSERT INTO "SYS_CONFIG" VALUES ('1288309751255412737', 'Oauth用户登录的开关', 'XIAONUO_ENABLE_OAUTH_LOGIN', 'true', 'Y', 'Oauth用户登录的开关', '0', 'OAUTH', TO_DATE('2020-07-29 11:05:55', 'SYYYY-MM-DD HH24:MI:SS'), '1265476890672672808', NULL, NULL);
INSERT INTO "SYS_CONFIG" VALUES ('1288310043346743297', 'Oauth码云登录ClientId', 'XIAONUO_OAUTH_GITEE_CLIENT_ID', '你的clientId', 'Y', 'Oauth码云登录ClientId', '0', 'OAUTH', TO_DATE('2020-07-29 11:07:05', 'SYYYY-MM-DD HH24:MI:SS'), '1265476890672672808', NULL, NULL);
INSERT INTO "SYS_CONFIG" VALUES ('1288310157876408321', 'Oauth码云登录ClientSecret', 'XIAONUO_OAUTH_GITEE_CLIENT_SECRET', '你的clientSecret', 'Y', 'Oauth码云登录ClientSecret', '0', 'OAUTH', TO_DATE('2020-07-29 11:07:32', 'SYYYY-MM-DD HH24:MI:SS'), '1265476890672672808', NULL, NULL);
INSERT INTO "SYS_CONFIG" VALUES ('1288310280056483841', 'Oauth码云登录回调地址', 'XIAONUO_OAUTH_GITEE_REDIRECT_URI', 'http://localhost:83/oauth/callback/gitee', 'Y', 'Oauth码云登录回调地址', '0', 'OAUTH', TO_DATE('2020-07-29 11:08:01', 'SYYYY-MM-DD HH24:MI:SS'), '1265476890672672808', NULL, NULL);
COMMIT;

-- ----------------------------
-- Table structure for sys_dict_data
-- ----------------------------
CREATE TABLE "SYS_DICT_DATA" (
  "ID" NUMBER(20) NOT NULL ,
  "TYPE_ID" NUMBER(20) NOT NULL ,
  "VALUE" NCLOB NOT NULL ,
  "CODE" NVARCHAR2(50) NOT NULL ,
  "SORT" NUMBER(11) NOT NULL ,
  "REMARK" NVARCHAR2(255) ,
  "STATUS" NUMBER(4) NOT NULL ,
  "CREATE_TIME" DATE ,
  "CREATE_USER" NUMBER(20) ,
  "UPDATE_TIME" DATE ,
  "UPDATE_USER" NUMBER(20)
)
;
COMMENT ON COLUMN "SYS_DICT_DATA"."ID" IS '主键';
COMMENT ON COLUMN "SYS_DICT_DATA"."TYPE_ID" IS '字典类型id';
COMMENT ON COLUMN "SYS_DICT_DATA"."VALUE" IS '值';
COMMENT ON COLUMN "SYS_DICT_DATA"."CODE" IS '编码';
COMMENT ON COLUMN "SYS_DICT_DATA"."SORT" IS '排序';
COMMENT ON COLUMN "SYS_DICT_DATA"."REMARK" IS '备注';
COMMENT ON COLUMN "SYS_DICT_DATA"."STATUS" IS '状态（字典 0正常 1停用 2删除）';
COMMENT ON COLUMN "SYS_DICT_DATA"."CREATE_TIME" IS '创建时间';
COMMENT ON COLUMN "SYS_DICT_DATA"."CREATE_USER" IS '创建人';
COMMENT ON COLUMN "SYS_DICT_DATA"."UPDATE_TIME" IS '更新时间';
COMMENT ON COLUMN "SYS_DICT_DATA"."UPDATE_USER" IS '更新人';
COMMENT ON TABLE "SYS_DICT_DATA" IS '系统字典值表';

-- ----------------------------
-- Records of sys_dict_data
-- ----------------------------
INSERT INTO "SYS_DICT_DATA" VALUES ('1265216536659087357', '1265216211667636234', '男', '1', '100', '男性', '0', TO_DATE('2020-04-01 10:23:29', 'SYYYY-MM-DD HH24:MI:SS'), '1265476890672672808', NULL, NULL);
INSERT INTO "SYS_DICT_DATA" VALUES ('1265216536659087358', '1265216211667636234', '女', '2', '100', '女性', '0', TO_DATE('2020-04-01 10:23:49', 'SYYYY-MM-DD HH24:MI:SS'), '1265476890672672808', NULL, NULL);
INSERT INTO "SYS_DICT_DATA" VALUES ('1265216536659087359', '1265216211667636234', '未知', '3', '100', '未知性别', '0', TO_DATE('2020-04-01 10:24:01', 'SYYYY-MM-DD HH24:MI:SS'), '1265476890672672808', NULL, NULL);
INSERT INTO "SYS_DICT_DATA" VALUES ('1265216536659087361', '1265216211667636235', '默认常量', 'DEFAULT', '100', '默认常量，都以XIAONUO_开头的', '0', TO_DATE('2020-04-14 23:25:45', 'SYYYY-MM-DD HH24:MI:SS'), '1265476890672672808', NULL, NULL);
INSERT INTO "SYS_DICT_DATA" VALUES ('1265216536659087363', '1265216211667636235', '阿里云短信', 'ALIYUN_SMS', '100', '阿里云短信配置', '0', TO_DATE('2020-04-14 23:25:45', 'SYYYY-MM-DD HH24:MI:SS'), '1265476890672672808', NULL, NULL);
INSERT INTO "SYS_DICT_DATA" VALUES ('1265216536659087364', '1265216211667636235', '腾讯云短信', 'TENCENT_SMS', '100', '腾讯云短信', '0', TO_DATE('2020-04-14 23:25:45', 'SYYYY-MM-DD HH24:MI:SS'), '1265476890672672808', NULL, NULL);
INSERT INTO "SYS_DICT_DATA" VALUES ('1265216536659087365', '1265216211667636235', '邮件配置', 'EMAIL', '100', '邮箱配置', '0', TO_DATE('2020-04-14 23:25:45', 'SYYYY-MM-DD HH24:MI:SS'), '1265476890672672808', NULL, NULL);
INSERT INTO "SYS_DICT_DATA" VALUES ('1265216536659087366', '1265216211667636235', '文件上传路径', 'FILE_PATH', '100', '文件上传路径', '0', TO_DATE('2020-04-14 23:25:45', 'SYYYY-MM-DD HH24:MI:SS'), '1265476890672672808', NULL, NULL);
INSERT INTO "SYS_DICT_DATA" VALUES ('1265216536659087367', '1265216211667636235', 'Oauth配置', 'OAUTH', '100', 'Oauth配置', '0', TO_DATE('2020-04-14 23:25:45', 'SYYYY-MM-DD HH24:MI:SS'), '1265476890672672808', NULL, NULL);
INSERT INTO "SYS_DICT_DATA" VALUES ('1265216617500102656', '1265216211667636226', '正常', '0', '100', '正常', '0', TO_DATE('2020-05-26 17:41:44', 'SYYYY-MM-DD HH24:MI:SS'), '1265476890672672808', NULL, NULL);
INSERT INTO "SYS_DICT_DATA" VALUES ('1265216617500102657', '1265216211667636226', '停用', '1', '100', '停用', '0', TO_DATE('2020-05-26 17:42:03', 'SYYYY-MM-DD HH24:MI:SS'), '1265476890672672808', NULL, NULL);
INSERT INTO "SYS_DICT_DATA" VALUES ('1265216938389524482', '1265216211667636226', '删除', '2', '100', '删除', '0', TO_DATE('2020-05-26 17:43:19', 'SYYYY-MM-DD HH24:MI:SS'), '1265476890672672808', NULL, NULL);
INSERT INTO "SYS_DICT_DATA" VALUES ('1265217669028892673', '1265217074079453185', '否', 'N', '100', '否', '0', TO_DATE('2020-05-26 17:46:14', 'SYYYY-MM-DD HH24:MI:SS'), '1265476890672672808', NULL, NULL);
INSERT INTO "SYS_DICT_DATA" VALUES ('1265217706584690689', '1265217074079453185', '是', 'Y', '100', '是', '0', TO_DATE('2020-05-26 17:46:23', 'SYYYY-MM-DD HH24:MI:SS'), '1265476890672672808', NULL, NULL);
INSERT INTO "SYS_DICT_DATA" VALUES ('1265220776437731330', '1265217846770913282', '登录', '1', '100', '登录', '0', TO_DATE('2020-05-26 17:58:34', 'SYYYY-MM-DD HH24:MI:SS'), '1265476890672672808', NULL, NULL);
INSERT INTO "SYS_DICT_DATA" VALUES ('1265220806070489090', '1265217846770913282', '登出', '2', '100', '登出', '0', TO_DATE('2020-05-26 17:58:41', 'SYYYY-MM-DD HH24:MI:SS'), '1265476890672672808', NULL, NULL);
INSERT INTO "SYS_DICT_DATA" VALUES ('1265221129564573697', '1265221049302372354', '目录', '0', '100', '目录', '0', TO_DATE('2020-05-26 17:59:59', 'SYYYY-MM-DD HH24:MI:SS'), '1265476890672672808', NULL, NULL);
INSERT INTO "SYS_DICT_DATA" VALUES ('1265221163119005697', '1265221049302372354', '菜单', '1', '100', '菜单', '0', TO_DATE('2020-05-26 18:00:07', 'SYYYY-MM-DD HH24:MI:SS'), '1265476890672672808', NULL, NULL);
INSERT INTO "SYS_DICT_DATA" VALUES ('1265221188091891713', '1265221049302372354', '按钮', '2', '100', '按钮', '0', TO_DATE('2020-05-26 18:00:13', 'SYYYY-MM-DD HH24:MI:SS'), '1265476890672672808', NULL, NULL);
INSERT INTO "SYS_DICT_DATA" VALUES ('1265466389204967426', '1265466149622128641', '未发送', '0', '100', '未发送', '0', TO_DATE('2020-05-27 10:14:33', 'SYYYY-MM-DD HH24:MI:SS'), '1265476890672672808', NULL, NULL);
INSERT INTO "SYS_DICT_DATA" VALUES ('1265466432670539778', '1265466149622128641', '发送成功', '1', '100', '发送成功', '0', TO_DATE('2020-05-27 10:14:43', 'SYYYY-MM-DD HH24:MI:SS'), '1265476890672672808', NULL, NULL);
INSERT INTO "SYS_DICT_DATA" VALUES ('1265466486097584130', '1265466149622128641', '发送失败', '2', '100', '发送失败', '0', TO_DATE('2020-05-27 10:14:56', 'SYYYY-MM-DD HH24:MI:SS'), '1265476890672672808', NULL, NULL);
INSERT INTO "SYS_DICT_DATA" VALUES ('1265466530477514754', '1265466149622128641', '失效', '3', '100', '失效', '0', TO_DATE('2020-05-27 10:15:07', 'SYYYY-MM-DD HH24:MI:SS'), '1265476890672672808', NULL, NULL);
INSERT INTO "SYS_DICT_DATA" VALUES ('1265466835009150978', '1265466752209395713', '无', '0', '100', '无', '0', TO_DATE('2020-05-27 10:16:19', 'SYYYY-MM-DD HH24:MI:SS'), '1265476890672672808', NULL, NULL);
INSERT INTO "SYS_DICT_DATA" VALUES ('1265466874758569986', '1265466752209395713', '组件', '1', '100', '组件', '0', TO_DATE('2020-05-27 10:16:29', 'SYYYY-MM-DD HH24:MI:SS'), '1265476890672672808', NULL, NULL);
INSERT INTO "SYS_DICT_DATA" VALUES ('1265466925476093953', '1265466752209395713', '内链', '2', '100', '内链', '0', TO_DATE('2020-05-27 10:16:41', 'SYYYY-MM-DD HH24:MI:SS'), '1265476890672672808', NULL, NULL);
INSERT INTO "SYS_DICT_DATA" VALUES ('1265466962209808385', '1265466752209395713', '外链', '3', '100', '外链', '0', TO_DATE('2020-05-27 10:16:50', 'SYYYY-MM-DD HH24:MI:SS'), '1265476890672672808', NULL, NULL);
INSERT INTO "SYS_DICT_DATA" VALUES ('1265467428423475202', '1265467337566461954', '系统权重', '1', '100', '系统权重', '0', TO_DATE('2020-05-27 10:18:41', 'SYYYY-MM-DD HH24:MI:SS'), '1265476890672672808', NULL, NULL);
INSERT INTO "SYS_DICT_DATA" VALUES ('1265467503090475009', '1265467337566461954', '业务权重', '2', '100', '业务权重', '0', TO_DATE('2020-05-27 10:18:59', 'SYYYY-MM-DD HH24:MI:SS'), '1265476890672672808', NULL, NULL);
INSERT INTO "SYS_DICT_DATA" VALUES ('1265468138431062018', '1265468028632571905', '全部数据', '1', '100', '全部数据', '0', TO_DATE('2020-05-27 10:21:30', 'SYYYY-MM-DD HH24:MI:SS'), '1265476890672672808', NULL, NULL);
INSERT INTO "SYS_DICT_DATA" VALUES ('1265468194928336897', '1265468028632571905', '本部门及以下数据', '2', '100', '本部门及以下数据', '0', TO_DATE('2020-05-27 10:21:44', 'SYYYY-MM-DD HH24:MI:SS'), '1265476890672672808', NULL, NULL);
INSERT INTO "SYS_DICT_DATA" VALUES ('1265468241992622082', '1265468028632571905', '本部门数据', '3', '100', '本部门数据', '0', TO_DATE('2020-05-27 10:21:55', 'SYYYY-MM-DD HH24:MI:SS'), '1265476890672672808', NULL, NULL);
INSERT INTO "SYS_DICT_DATA" VALUES ('1265468273634451457', '1265468028632571905', '仅本人数据', '4', '100', '仅本人数据', '0', TO_DATE('2020-05-27 10:22:02', 'SYYYY-MM-DD HH24:MI:SS'), '1265476890672672808', NULL, NULL);
INSERT INTO "SYS_DICT_DATA" VALUES ('1265468302046666753', '1265468028632571905', '自定义数据', '5', '100', '自定义数据', '0', TO_DATE('2020-05-27 10:22:09', 'SYYYY-MM-DD HH24:MI:SS'), '1265476890672672808', NULL, NULL);
INSERT INTO "SYS_DICT_DATA" VALUES ('1265468508100239362', '1265468437904367618', 'app', '1', '100', 'app', '0', TO_DATE('2020-05-27 10:22:58', 'SYYYY-MM-DD HH24:MI:SS'), '1265476890672672808', NULL, NULL);
INSERT INTO "SYS_DICT_DATA" VALUES ('1265468543433056258', '1265468437904367618', 'pc', '2', '100', 'pc', '0', TO_DATE('2020-05-27 10:23:07', 'SYYYY-MM-DD HH24:MI:SS'), '1265476890672672808', NULL, NULL);
INSERT INTO "SYS_DICT_DATA" VALUES ('1265468576874242050', '1265468437904367618', '其他', '3', '100', '其他', '0', TO_DATE('2020-05-27 10:23:15', 'SYYYY-MM-DD HH24:MI:SS'), '1265476890672672808', NULL, NULL);
INSERT INTO "SYS_DICT_DATA" VALUES ('1275617233011335170', '1275617093517172738', '其它', '0', '100', '其它', '0', TO_DATE('2020-06-24 10:30:23', 'SYYYY-MM-DD HH24:MI:SS'), '1265476890672672808', NULL, NULL);
INSERT INTO "SYS_DICT_DATA" VALUES ('1275617295355469826', '1275617093517172738', '增加', '1', '100', '增加', '0', TO_DATE('2020-06-24 10:30:38', 'SYYYY-MM-DD HH24:MI:SS'), '1265476890672672808', NULL, NULL);
INSERT INTO "SYS_DICT_DATA" VALUES ('1275617348610547714', '1275617093517172738', '删除', '2', '100', '删除', '0', TO_DATE('2020-06-24 10:30:50', 'SYYYY-MM-DD HH24:MI:SS'), '1265476890672672808', NULL, NULL);
INSERT INTO "SYS_DICT_DATA" VALUES ('1275617395515449346', '1275617093517172738', '编辑', '3', '100', '编辑', '0', TO_DATE('2020-06-24 10:31:02', 'SYYYY-MM-DD HH24:MI:SS'), '1265476890672672808', NULL, NULL);
INSERT INTO "SYS_DICT_DATA" VALUES ('1275617433612312577', '1275617093517172738', '更新', '4', '100', '更新', '0', TO_DATE('2020-06-24 10:31:11', 'SYYYY-MM-DD HH24:MI:SS'), '1265476890672672808', NULL, NULL);
INSERT INTO "SYS_DICT_DATA" VALUES ('1275617472707420161', '1275617093517172738', '查询', '5', '100', '查询', '0', TO_DATE('2020-06-24 10:31:20', 'SYYYY-MM-DD HH24:MI:SS'), '1265476890672672808', NULL, NULL);
INSERT INTO "SYS_DICT_DATA" VALUES ('1275617502973517826', '1275617093517172738', '详情', '6', '100', '详情', '0', TO_DATE('2020-06-24 10:31:27', 'SYYYY-MM-DD HH24:MI:SS'), '1265476890672672808', NULL, NULL);
INSERT INTO "SYS_DICT_DATA" VALUES ('1275617536959963137', '1275617093517172738', '树', '7', '100', '树', '0', TO_DATE('2020-06-24 10:31:35', 'SYYYY-MM-DD HH24:MI:SS'), '1265476890672672808', NULL, NULL);
INSERT INTO "SYS_DICT_DATA" VALUES ('1275617619524837377', '1275617093517172738', '导入', '8', '100', '导入', '0', TO_DATE('2020-06-24 10:31:55', 'SYYYY-MM-DD HH24:MI:SS'), '1265476890672672808', NULL, NULL);
INSERT INTO "SYS_DICT_DATA" VALUES ('1275617651816783873', '1275617093517172738', '导出', '9', '100', '导出', '0', TO_DATE('2020-06-24 10:32:03', 'SYYYY-MM-DD HH24:MI:SS'), '1265476890672672808', NULL, NULL);
INSERT INTO "SYS_DICT_DATA" VALUES ('1275617683475390465', '1275617093517172738', '授权', '10', '100', '授权', '0', TO_DATE('2020-06-24 10:32:10', 'SYYYY-MM-DD HH24:MI:SS'), '1265476890672672808', NULL, NULL);
INSERT INTO "SYS_DICT_DATA" VALUES ('1275617709928865793', '1275617093517172738', '强退', '11', '100', '强退', '0', TO_DATE('2020-06-24 10:32:17', 'SYYYY-MM-DD HH24:MI:SS'), '1265476890672672808', NULL, NULL);
INSERT INTO "SYS_DICT_DATA" VALUES ('1275617739091861505', '1275617093517172738', '清空', '12', '100', '清空', '0', TO_DATE('2020-06-24 10:32:23', 'SYYYY-MM-DD HH24:MI:SS'), '1265476890672672808', NULL, NULL);
INSERT INTO "SYS_DICT_DATA" VALUES ('1275617788601425921', '1275617093517172738', '修改状态', '13', '100', '修改状态', '0', TO_DATE('2020-06-24 10:32:35', 'SYYYY-MM-DD HH24:MI:SS'), '1265476890672672808', NULL, NULL);
INSERT INTO "SYS_DICT_DATA" VALUES ('1277774590944317441', '1277774529430654977', '阿里云', '1', '100', '阿里云', '0', TO_DATE('2020-06-30 09:22:57', 'SYYYY-MM-DD HH24:MI:SS'), '1265476890672672808', NULL, NULL);
INSERT INTO "SYS_DICT_DATA" VALUES ('1277774666055913474', '1277774529430654977', '腾讯云', '2', '100', '腾讯云', '0', TO_DATE('2020-06-30 09:23:15', 'SYYYY-MM-DD HH24:MI:SS'), '1265476890672672808', NULL, NULL);
INSERT INTO "SYS_DICT_DATA" VALUES ('1277774695168577538', '1277774529430654977', 'minio', '3', '100', 'minio', '0', TO_DATE('2020-06-30 09:23:22', 'SYYYY-MM-DD HH24:MI:SS'), '1265476890672672808', NULL, NULL);
INSERT INTO "SYS_DICT_DATA" VALUES ('1277774726835572737', '1277774529430654977', '本地', '4', '100', '本地', '0', TO_DATE('2020-06-30 09:23:29', 'SYYYY-MM-DD HH24:MI:SS'), '1265476890672672808', NULL, NULL);
INSERT INTO "SYS_DICT_DATA" VALUES ('1278607123583868929', '1278606951432855553', '运行', '1', '100', '运行', '0', TO_DATE('2020-07-02 16:31:08', 'SYYYY-MM-DD HH24:MI:SS'), '1265476890672672808', NULL, NULL);
INSERT INTO "SYS_DICT_DATA" VALUES ('1278607162943217666', '1278606951432855553', '停止', '2', '100', '停止', '0', TO_DATE('2020-07-02 16:31:18', 'SYYYY-MM-DD HH24:MI:SS'), '1265476890672672808', NULL, NULL);
INSERT INTO "SYS_DICT_DATA" VALUES ('1278939265862004738', '1278911800547147777', '通知', '1', '100', '通知', '0', TO_DATE('2020-07-03 14:30:57', 'SYYYY-MM-DD HH24:MI:SS'), '1265476890672672808', NULL, NULL);
INSERT INTO "SYS_DICT_DATA" VALUES ('1278939319922388994', '1278911800547147777', '公告', '2', '100', '公告', '0', TO_DATE('2020-07-03 14:31:10', 'SYYYY-MM-DD HH24:MI:SS'), '1265476890672672808', NULL, NULL);
INSERT INTO "SYS_DICT_DATA" VALUES ('1278939399001796609', '1278911952657776642', '草稿', '0', '100', '草稿', '0', TO_DATE('2020-07-03 14:31:29', 'SYYYY-MM-DD HH24:MI:SS'), '1265476890672672808', NULL, NULL);
INSERT INTO "SYS_DICT_DATA" VALUES ('1278939432686252034', '1278911952657776642', '发布', '1', '100', '发布', '0', TO_DATE('2020-07-03 14:31:37', 'SYYYY-MM-DD HH24:MI:SS'), '1265476890672672808', NULL, NULL);
INSERT INTO "SYS_DICT_DATA" VALUES ('1278939458804183041', '1278911952657776642', '撤回', '2', '100', '撤回', '0', TO_DATE('2020-07-03 14:31:43', 'SYYYY-MM-DD HH24:MI:SS'), '1265476890672672808', NULL, NULL);
INSERT INTO "SYS_DICT_DATA" VALUES ('1278939485878415362', '1278911952657776642', '删除', '3', '100', '删除', '0', TO_DATE('2020-07-03 14:31:50', 'SYYYY-MM-DD HH24:MI:SS'), '1265476890672672808', NULL, NULL);
INSERT INTO "SYS_DICT_DATA" VALUES ('1291390260160299009', '1291390159941599233', '是', 'true', '100', '是', '2', TO_DATE('2020-08-06 23:06:46', 'SYYYY-MM-DD HH24:MI:SS'), '1265476890672672808', NULL, NULL);
INSERT INTO "SYS_DICT_DATA" VALUES ('1291390315437031426', '1291390159941599233', '否', 'false', '100', '否', '2', TO_DATE('2020-08-06 23:06:59', 'SYYYY-MM-DD HH24:MI:SS'), '1265476890672672808', NULL, NULL);
INSERT INTO "SYS_DICT_DATA" VALUES ('1342446007168466945', '1342445962104864770', '下载压缩包', '1', '100', '下载压缩包', '0', TO_DATE('2020-12-25 20:24:04', 'SYYYY-MM-DD HH24:MI:SS'), '1265476890672672808', NULL, NULL);
INSERT INTO "SYS_DICT_DATA" VALUES ('1342446035433881601', '1342445962104864770', '生成到本项目', '2', '100', '生成到本项目', '0', TO_DATE('2020-12-25 20:24:11', 'SYYYY-MM-DD HH24:MI:SS'), '1265476890672672808', NULL, NULL);
INSERT INTO "SYS_DICT_DATA" VALUES ('1358094655567454210', '1358094419419750401', '输入框', 'input', '100', '输入框', '0', TO_DATE('2021-02-07 00:46:13', 'SYYYY-MM-DD HH24:MI:SS'), '1265476890672672808', TO_DATE('2021-02-08 01:01:28', 'SYYYY-MM-DD HH24:MI:SS'), '1265476890672672808');
INSERT INTO "SYS_DICT_DATA" VALUES ('1358094740510498817', '1358094419419750401', '时间选择', 'datepicker', '100', '时间选择', '0', TO_DATE('2021-02-07 00:46:33', 'SYYYY-MM-DD HH24:MI:SS'), '1265476890672672808', TO_DATE('2021-02-08 01:04:07', 'SYYYY-MM-DD HH24:MI:SS'), '1265476890672672808');
INSERT INTO "SYS_DICT_DATA" VALUES ('1358094793149014017', '1358094419419750401', '下拉框', 'select', '100', '下拉框', '0', TO_DATE('2021-02-07 00:46:46', 'SYYYY-MM-DD HH24:MI:SS'), '1265476890672672808', NULL, NULL);
INSERT INTO "SYS_DICT_DATA" VALUES ('1358095496009506817', '1358094419419750401', '单选框', 'radio', '100', '单选框', '0', TO_DATE('2021-02-07 00:49:33', 'SYYYY-MM-DD HH24:MI:SS'), '1265476890672672808', NULL, NULL);
INSERT INTO "SYS_DICT_DATA" VALUES ('1358095673084633090', '1358094419419750401', '开关', 'switch', '100', '开关', '2', TO_DATE('2021-02-07 00:50:15', 'SYYYY-MM-DD HH24:MI:SS'), '1265476890672672808', TO_DATE('2021-02-11 19:07:18', 'SYYYY-MM-DD HH24:MI:SS'), '1265476890672672808');
INSERT INTO "SYS_DICT_DATA" VALUES ('1358458689433190402', '1358457818733428737', '等于', 'eq', '1', '等于', '0', TO_DATE('2021-02-08 00:52:45', 'SYYYY-MM-DD HH24:MI:SS'), '1265476890672672808', TO_DATE('2021-02-13 23:35:36', 'SYYYY-MM-DD HH24:MI:SS'), '1265476890672672808');
INSERT INTO "SYS_DICT_DATA" VALUES ('1358458785168179202', '1358457818733428737', '模糊', 'like', '2', '模糊', '0', TO_DATE('2021-02-08 00:53:08', 'SYYYY-MM-DD HH24:MI:SS'), '1265476890672672808', TO_DATE('2021-02-13 23:35:46', 'SYYYY-MM-DD HH24:MI:SS'), '1265476890672672808');
INSERT INTO "SYS_DICT_DATA" VALUES ('1358460475682406401', '1358094419419750401', '多选框', 'checkbox', '100', '多选框', '0', TO_DATE('2021-02-08 00:59:51', 'SYYYY-MM-DD HH24:MI:SS'), '1265476890672672808', NULL, NULL);
INSERT INTO "SYS_DICT_DATA" VALUES ('1358460819019743233', '1358094419419750401', '数字输入框', 'inputnumber', '100', '数字输入框', '0', TO_DATE('2021-02-08 01:01:13', 'SYYYY-MM-DD HH24:MI:SS'), '1265476890672672808', NULL, NULL);
INSERT INTO "SYS_DICT_DATA" VALUES ('1358470210267725826', '1358470065111252994', 'Long', 'Long', '100', 'Long', '0', TO_DATE('2021-02-08 01:38:32', 'SYYYY-MM-DD HH24:MI:SS'), '1265476890672672808', NULL, NULL);
INSERT INTO "SYS_DICT_DATA" VALUES ('1358470239351029762', '1358470065111252994', 'String', 'String', '100', 'String', '0', TO_DATE('2021-02-08 01:38:39', 'SYYYY-MM-DD HH24:MI:SS'), '1265476890672672808', NULL, NULL);
INSERT INTO "SYS_DICT_DATA" VALUES ('1358470265640927233', '1358470065111252994', 'Date', 'Date', '100', 'Date', '0', TO_DATE('2021-02-08 01:38:45', 'SYYYY-MM-DD HH24:MI:SS'), '1265476890672672808', NULL, NULL);
INSERT INTO "SYS_DICT_DATA" VALUES ('1358470300168437761', '1358470065111252994', 'Integer', 'Integer', '100', 'Integer', '0', TO_DATE('2021-02-08 01:38:53', 'SYYYY-MM-DD HH24:MI:SS'), '1265476890672672808', NULL, NULL);
INSERT INTO "SYS_DICT_DATA" VALUES ('1358470697377415169', '1358470065111252994', 'boolean', 'boolean', '100', 'boolean', '0', TO_DATE('2021-02-08 01:40:28', 'SYYYY-MM-DD HH24:MI:SS'), '1265476890672672808', TO_DATE('2021-02-08 01:40:47', 'SYYYY-MM-DD HH24:MI:SS'), '1265476890672672808');
INSERT INTO "SYS_DICT_DATA" VALUES ('1358471133434036226', '1358470065111252994', 'int', 'int', '100', 'int', '0', TO_DATE('2021-02-08 01:42:12', 'SYYYY-MM-DD HH24:MI:SS'), '1265476890672672808', NULL, NULL);
INSERT INTO "SYS_DICT_DATA" VALUES ('1358471188291338241', '1358470065111252994', 'double', 'double', '100', 'double', '0', TO_DATE('2021-02-08 01:42:25', 'SYYYY-MM-DD HH24:MI:SS'), '1265476890672672808', NULL, NULL);
INSERT INTO "SYS_DICT_DATA" VALUES ('1358756511688761346', '1358457818733428737', '大于', 'gt', '3', '大于', '0', TO_DATE('2021-02-08 20:36:12', 'SYYYY-MM-DD HH24:MI:SS'), '1265476890672672808', TO_DATE('2021-02-13 23:45:24', 'SYYYY-MM-DD HH24:MI:SS'), '1265476890672672808');
INSERT INTO "SYS_DICT_DATA" VALUES ('1358756547159990274', '1358457818733428737', '小于', 'lt', '4', '大于', '0', TO_DATE('2021-02-08 20:36:20', 'SYYYY-MM-DD HH24:MI:SS'), '1265476890672672808', TO_DATE('2021-02-13 23:45:29', 'SYYYY-MM-DD HH24:MI:SS'), '1265476890672672808');
INSERT INTO "SYS_DICT_DATA" VALUES ('1358756609990664193', '1358457818733428737', '不等于', 'ne', '7', '不等于', '0', TO_DATE('2021-02-08 20:36:35', 'SYYYY-MM-DD HH24:MI:SS'), '1265476890672672808', TO_DATE('2021-02-13 23:45:46', 'SYYYY-MM-DD HH24:MI:SS'), '1265476890672672808');
INSERT INTO "SYS_DICT_DATA" VALUES ('1358756685030957057', '1358457818733428737', '大于等于', 'ge', '5', '大于等于', '0', TO_DATE('2021-02-08 20:36:53', 'SYYYY-MM-DD HH24:MI:SS'), '1265476890672672808', TO_DATE('2021-02-13 23:45:35', 'SYYYY-MM-DD HH24:MI:SS'), '1265476890672672808');
INSERT INTO "SYS_DICT_DATA" VALUES ('1358756800525312001', '1358457818733428737', '小于等于', 'le', '6', '小于等于', '0', TO_DATE('2021-02-08 20:37:20', 'SYYYY-MM-DD HH24:MI:SS'), '1265476890672672808', TO_DATE('2021-02-13 23:45:40', 'SYYYY-MM-DD HH24:MI:SS'), '1265476890672672808');
INSERT INTO "SYS_DICT_DATA" VALUES ('1360529773814083586', '1358094419419750401', '文本域', 'textarea', '100', '文本域', '0', TO_DATE('2021-02-13 18:02:30', 'SYYYY-MM-DD HH24:MI:SS'), '1265476890672672808', NULL, NULL);
INSERT INTO "SYS_DICT_DATA" VALUES ('1360606105914732545', '1358457818733428737', '不为空', 'isNotNull', '8', '不为空', '0', TO_DATE('2021-02-13 23:05:49', 'SYYYY-MM-DD HH24:MI:SS'), '1265476890672672808', TO_DATE('2021-02-13 23:45:50', 'SYYYY-MM-DD HH24:MI:SS'), '1265476890672672808');
COMMIT;

-- ----------------------------
-- Table structure for sys_dict_type
-- ----------------------------
CREATE TABLE "SYS_DICT_TYPE" (
  "ID" NUMBER(20) NOT NULL ,
  "NAME" NVARCHAR2(100) NOT NULL ,
  "CODE" NVARCHAR2(50) NOT NULL ,
  "SORT" NUMBER(11) NOT NULL ,
  "REMARK" NVARCHAR2(255) ,
  "STATUS" NUMBER(4) NOT NULL ,
  "CREATE_TIME" DATE ,
  "CREATE_USER" NUMBER(20) ,
  "UPDATE_TIME" DATE ,
  "UPDATE_USER" NUMBER(20)
)
;
COMMENT ON COLUMN "SYS_DICT_TYPE"."ID" IS '主键';
COMMENT ON COLUMN "SYS_DICT_TYPE"."NAME" IS '名称';
COMMENT ON COLUMN "SYS_DICT_TYPE"."CODE" IS '编码';
COMMENT ON COLUMN "SYS_DICT_TYPE"."SORT" IS '排序';
COMMENT ON COLUMN "SYS_DICT_TYPE"."REMARK" IS '备注';
COMMENT ON COLUMN "SYS_DICT_TYPE"."STATUS" IS '状态（字典 0正常 1停用 2删除）';
COMMENT ON COLUMN "SYS_DICT_TYPE"."CREATE_TIME" IS '创建时间';
COMMENT ON COLUMN "SYS_DICT_TYPE"."CREATE_USER" IS '创建人';
COMMENT ON COLUMN "SYS_DICT_TYPE"."UPDATE_TIME" IS '更新时间';
COMMENT ON COLUMN "SYS_DICT_TYPE"."UPDATE_USER" IS '更新人';
COMMENT ON TABLE "SYS_DICT_TYPE" IS '系统字典类型表';

-- ----------------------------
-- Records of sys_dict_type
-- ----------------------------
INSERT INTO "SYS_DICT_TYPE" VALUES ('1265216211667636226', '通用状态', 'common_status', '100', '通用状态', '0', TO_DATE('2020-05-26 17:40:26', 'SYYYY-MM-DD HH24:MI:SS'), '1265476890672672808', TO_DATE('2020-06-08 11:31:47', 'SYYYY-MM-DD HH24:MI:SS'), '1265476890672672808');
INSERT INTO "SYS_DICT_TYPE" VALUES ('1265216211667636234', '性别', 'sex', '100', '性别字典', '0', TO_DATE('2020-04-01 10:12:30', 'SYYYY-MM-DD HH24:MI:SS'), '1265476890672672808', NULL, NULL);
INSERT INTO "SYS_DICT_TYPE" VALUES ('1265216211667636235', '常量的分类', 'consts_type', '100', '常量的分类，用于区别一组配置', '0', TO_DATE('2020-04-14 23:24:13', 'SYYYY-MM-DD HH24:MI:SS'), '1265476890672672808', NULL, NULL);
INSERT INTO "SYS_DICT_TYPE" VALUES ('1265217074079453185', '是否', 'yes_or_no', '100', '是否', '0', TO_DATE('2020-05-26 17:43:52', 'SYYYY-MM-DD HH24:MI:SS'), '1265476890672672808', NULL, NULL);
INSERT INTO "SYS_DICT_TYPE" VALUES ('1265217846770913282', '访问类型', 'vis_type', '100', '访问类型', '0', TO_DATE('2020-05-26 17:46:56', 'SYYYY-MM-DD HH24:MI:SS'), '1265476890672672808', NULL, NULL);
INSERT INTO "SYS_DICT_TYPE" VALUES ('1265221049302372354', '菜单类型', 'menu_type', '100', '菜单类型', '0', TO_DATE('2020-05-26 17:59:39', 'SYYYY-MM-DD HH24:MI:SS'), '1265476890672672808', NULL, NULL);
INSERT INTO "SYS_DICT_TYPE" VALUES ('1265466149622128641', '发送类型', 'send_type', '100', '发送类型', '0', TO_DATE('2020-05-27 10:13:36', 'SYYYY-MM-DD HH24:MI:SS'), '1265476890672672808', NULL, NULL);
INSERT INTO "SYS_DICT_TYPE" VALUES ('1265466752209395713', '打开方式', 'open_type', '100', '打开方式', '0', TO_DATE('2020-05-27 10:16:00', 'SYYYY-MM-DD HH24:MI:SS'), '1265476890672672808', NULL, NULL);
INSERT INTO "SYS_DICT_TYPE" VALUES ('1265467337566461954', '菜单权重', 'menu_weight', '100', '菜单权重', '0', TO_DATE('2020-05-27 10:18:19', 'SYYYY-MM-DD HH24:MI:SS'), '1265476890672672808', NULL, NULL);
INSERT INTO "SYS_DICT_TYPE" VALUES ('1265468028632571905', '数据范围类型', 'data_scope_type', '100', '数据范围类型', '0', TO_DATE('2020-05-27 10:21:04', 'SYYYY-MM-DD HH24:MI:SS'), '1265476890672672808', NULL, NULL);
INSERT INTO "SYS_DICT_TYPE" VALUES ('1265468437904367618', '短信发送来源', 'sms_send_source', '100', '短信发送来源', '0', TO_DATE('2020-05-27 10:22:42', 'SYYYY-MM-DD HH24:MI:SS'), '1265476890672672808', NULL, NULL);
INSERT INTO "SYS_DICT_TYPE" VALUES ('1275617093517172738', '操作类型', 'op_type', '100', '操作类型', '0', TO_DATE('2020-06-24 10:29:50', 'SYYYY-MM-DD HH24:MI:SS'), '1265476890672672808', NULL, NULL);
INSERT INTO "SYS_DICT_TYPE" VALUES ('1277774529430654977', '文件存储位置', 'file_storage_location', '100', '文件存储位置', '0', TO_DATE('2020-06-30 09:22:42', 'SYYYY-MM-DD HH24:MI:SS'), '1265476890672672808', NULL, NULL);
INSERT INTO "SYS_DICT_TYPE" VALUES ('1278606951432855553', '运行状态', 'run_status', '100', '定时任务运行状态', '0', TO_DATE('2020-07-02 16:30:27', 'SYYYY-MM-DD HH24:MI:SS'), '1265476890672672808', NULL, NULL);
INSERT INTO "SYS_DICT_TYPE" VALUES ('1278911800547147777', '通知公告类型', 'notice_type', '100', '通知公告类型', '0', TO_DATE('2020-07-03 12:41:49', 'SYYYY-MM-DD HH24:MI:SS'), '1265476890672672808', NULL, NULL);
INSERT INTO "SYS_DICT_TYPE" VALUES ('1278911952657776642', '通知公告状态', 'notice_status', '100', '通知公告状态', '0', TO_DATE('2020-07-03 12:42:25', 'SYYYY-MM-DD HH24:MI:SS'), '1265476890672672808', NULL, NULL);
INSERT INTO "SYS_DICT_TYPE" VALUES ('1291390159941599233', '是否boolean', 'yes_true_false', '100', '是否boolean', '2', TO_DATE('2020-08-06 23:06:22', 'SYYYY-MM-DD HH24:MI:SS'), '1265476890672672808', NULL, NULL);
INSERT INTO "SYS_DICT_TYPE" VALUES ('1342445962104864770', '代码生成方式', 'code_gen_create_type', '100', '代码生成方式', '0', TO_DATE('2020-12-25 20:23:53', 'SYYYY-MM-DD HH24:MI:SS'), '1265476890672672808', NULL, NULL);
INSERT INTO "SYS_DICT_TYPE" VALUES ('1358094419419750401', '代码生成作用类型', 'code_gen_effect_type', '100', '代码生成作用类型', '0', TO_DATE('2021-02-07 00:45:16', 'SYYYY-MM-DD HH24:MI:SS'), '1265476890672672808', TO_DATE('2021-02-08 00:47:48', 'SYYYY-MM-DD HH24:MI:SS'), '1265476890672672808');
INSERT INTO "SYS_DICT_TYPE" VALUES ('1358457818733428737', '代码生成查询类型', 'code_gen_query_type', '100', '代码生成查询类型', '0', TO_DATE('2021-02-08 00:49:18', 'SYYYY-MM-DD HH24:MI:SS'), '1265476890672672808', NULL, NULL);
INSERT INTO "SYS_DICT_TYPE" VALUES ('1358470065111252994', '代码生成java类型', 'code_gen_java_type', '100', '代码生成java类型', '0', TO_DATE('2021-02-08 01:37:57', 'SYYYY-MM-DD HH24:MI:SS'), '1265476890672672808', NULL, NULL);
COMMIT;

-- ----------------------------
-- Table structure for sys_emp
-- ----------------------------
CREATE TABLE "SYS_EMP" (
  "ID" NUMBER(20) NOT NULL ,
  "JOB_NUM" NVARCHAR2(100) ,
  "ORG_ID" NUMBER(20) NOT NULL ,
  "ORG_NAME" NVARCHAR2(100) NOT NULL
)
;
COMMENT ON COLUMN "SYS_EMP"."ID" IS '主键';
COMMENT ON COLUMN "SYS_EMP"."JOB_NUM" IS '工号';
COMMENT ON COLUMN "SYS_EMP"."ORG_ID" IS '所属机构id';
COMMENT ON COLUMN "SYS_EMP"."ORG_NAME" IS '所属机构名称';
COMMENT ON TABLE "SYS_EMP" IS '员工表';

-- ----------------------------
-- Records of sys_emp
-- ----------------------------
INSERT INTO "SYS_EMP" VALUES ('1275735541155614721', '102', '1265476890672672769', '华夏集团北京分公司');
INSERT INTO "SYS_EMP" VALUES ('1280700700074041345', '110', '1265476890672672771', '研发部');
INSERT INTO "SYS_EMP" VALUES ('1280709549107552257', '100', '1265476890672672770', '华夏集团成都分公司');
COMMIT;

-- ----------------------------
-- Table structure for sys_emp_ext_org_pos
-- ----------------------------
CREATE TABLE "SYS_EMP_EXT_ORG_POS" (
  "ID" NUMBER(20) NOT NULL ,
  "EMP_ID" NUMBER(20) NOT NULL ,
  "ORG_ID" NUMBER(20) NOT NULL ,
  "POS_ID" NUMBER(20) NOT NULL
)
;
COMMENT ON COLUMN "SYS_EMP_EXT_ORG_POS"."ID" IS '主键';
COMMENT ON COLUMN "SYS_EMP_EXT_ORG_POS"."EMP_ID" IS '员工id';
COMMENT ON COLUMN "SYS_EMP_EXT_ORG_POS"."ORG_ID" IS '机构id';
COMMENT ON COLUMN "SYS_EMP_EXT_ORG_POS"."POS_ID" IS '岗位id';
COMMENT ON TABLE "SYS_EMP_EXT_ORG_POS" IS '员工附属机构岗位表';

-- ----------------------------
-- Table structure for sys_emp_pos
-- ----------------------------
CREATE TABLE "SYS_EMP_POS" (
  "ID" NUMBER(20) NOT NULL ,
  "EMP_ID" NUMBER(20) NOT NULL ,
  "POS_ID" NUMBER(20) NOT NULL
)
;
COMMENT ON COLUMN "SYS_EMP_POS"."ID" IS '主键';
COMMENT ON COLUMN "SYS_EMP_POS"."EMP_ID" IS '员工id';
COMMENT ON COLUMN "SYS_EMP_POS"."POS_ID" IS '职位id';
COMMENT ON TABLE "SYS_EMP_POS" IS '员工职位关联表';

-- ----------------------------
-- Records of sys_emp_pos
-- ----------------------------
INSERT INTO "SYS_EMP_POS" VALUES ('1280710811995709441', '1275735541155614721', '1265476890672672787');
INSERT INTO "SYS_EMP_POS" VALUES ('1280710828479324161', '1280700700074041345', '1265476890672672790');
INSERT INTO "SYS_EMP_POS" VALUES ('1281042262003867649', '1280709549107552257', '1265476890672672787');
COMMIT;

-- ----------------------------
-- Table structure for sys_file_info
-- ----------------------------
CREATE TABLE "SYS_FILE_INFO" (
  "ID" NUMBER(20) NOT NULL ,
  "FILE_LOCATION" NUMBER(4) NOT NULL ,
  "FILE_BUCKET" NVARCHAR2(1000) ,
  "FILE_ORIGIN_NAME" NVARCHAR2(100) NOT NULL ,
  "FILE_SUFFIX" NVARCHAR2(50) ,
  "FILE_SIZE_KB" NUMBER(20) ,
  "FILE_SIZE_INFO" NVARCHAR2(100) ,
  "FILE_OBJECT_NAME" NVARCHAR2(100) NOT NULL ,
  "FILE_PATH" NVARCHAR2(1000) ,
  "CREATE_TIME" DATE ,
  "CREATE_USER" NUMBER(20) ,
  "UPDATE_TIME" DATE ,
  "UPDATE_USER" NUMBER(20)
)
;
COMMENT ON COLUMN "SYS_FILE_INFO"."ID" IS '主键id';
COMMENT ON COLUMN "SYS_FILE_INFO"."FILE_LOCATION" IS '文件存储位置（1:阿里云，2:腾讯云，3:minio，4:本地）';
COMMENT ON COLUMN "SYS_FILE_INFO"."FILE_BUCKET" IS '文件仓库';
COMMENT ON COLUMN "SYS_FILE_INFO"."FILE_ORIGIN_NAME" IS '文件名称（上传时候的文件名）';
COMMENT ON COLUMN "SYS_FILE_INFO"."FILE_SUFFIX" IS '文件后缀';
COMMENT ON COLUMN "SYS_FILE_INFO"."FILE_SIZE_KB" IS '文件大小kb';
COMMENT ON COLUMN "SYS_FILE_INFO"."FILE_SIZE_INFO" IS '文件大小信息，计算后的';
COMMENT ON COLUMN "SYS_FILE_INFO"."FILE_OBJECT_NAME" IS '存储到bucket的名称（文件唯一标识id）';
COMMENT ON COLUMN "SYS_FILE_INFO"."FILE_PATH" IS '存储路径';
COMMENT ON COLUMN "SYS_FILE_INFO"."CREATE_TIME" IS '创建时间';
COMMENT ON COLUMN "SYS_FILE_INFO"."CREATE_USER" IS '创建用户';
COMMENT ON COLUMN "SYS_FILE_INFO"."UPDATE_TIME" IS '修改时间';
COMMENT ON COLUMN "SYS_FILE_INFO"."UPDATE_USER" IS '修改用户';
COMMENT ON TABLE "SYS_FILE_INFO" IS '文件信息表';

-- ----------------------------
-- Table structure for sys_menu
-- ----------------------------
CREATE TABLE "SYS_MENU" (
  "ID" NUMBER(20) NOT NULL ,
  "PID" NUMBER(20) NOT NULL ,
  "PIDS" NCLOB NOT NULL ,
  "NAME" NVARCHAR2(100) NOT NULL ,
  "CODE" NVARCHAR2(50) NOT NULL ,
  "TYPE" NUMBER(4) NOT NULL ,
  "ICON" NVARCHAR2(255) ,
  "ROUTER" NVARCHAR2(255) ,
  "COMPONENT" NVARCHAR2(255) ,
  "PERMISSION" NVARCHAR2(255) ,
  "APPLICATION" NVARCHAR2(50) NOT NULL ,
  "OPEN_TYPE" NUMBER(4) NOT NULL ,
  "VISIBLE" NCHAR(1) NOT NULL ,
  "LINK" NVARCHAR2(255) ,
  "REDIRECT" NVARCHAR2(255) ,
  "WEIGHT" NUMBER(4) ,
  "SORT" NUMBER(11) NOT NULL ,
  "REMARK" NVARCHAR2(255) ,
  "STATUS" NUMBER(4) NOT NULL ,
  "CREATE_TIME" DATE ,
  "CREATE_USER" NUMBER(20) ,
  "UPDATE_TIME" DATE ,
  "UPDATE_USER" NUMBER(20)
)
;
COMMENT ON COLUMN "SYS_MENU"."ID" IS '主键';
COMMENT ON COLUMN "SYS_MENU"."PID" IS '父id';
COMMENT ON COLUMN "SYS_MENU"."PIDS" IS '父ids';
COMMENT ON COLUMN "SYS_MENU"."NAME" IS '名称';
COMMENT ON COLUMN "SYS_MENU"."CODE" IS '编码';
COMMENT ON COLUMN "SYS_MENU"."TYPE" IS '菜单类型（字典 0目录 1菜单 2按钮）';
COMMENT ON COLUMN "SYS_MENU"."ICON" IS '图标';
COMMENT ON COLUMN "SYS_MENU"."ROUTER" IS '路由地址';
COMMENT ON COLUMN "SYS_MENU"."COMPONENT" IS '组件地址';
COMMENT ON COLUMN "SYS_MENU"."PERMISSION" IS '权限标识';
COMMENT ON COLUMN "SYS_MENU"."APPLICATION" IS '应用分类（应用编码）';
COMMENT ON COLUMN "SYS_MENU"."OPEN_TYPE" IS '打开方式（字典 0无 1组件 2内链 3外链）';
COMMENT ON COLUMN "SYS_MENU"."VISIBLE" IS '是否可见（Y-是，N-否）';
COMMENT ON COLUMN "SYS_MENU"."LINK" IS '链接地址';
COMMENT ON COLUMN "SYS_MENU"."REDIRECT" IS '重定向地址';
COMMENT ON COLUMN "SYS_MENU"."WEIGHT" IS '权重（字典 1系统权重 2业务权重）';
COMMENT ON COLUMN "SYS_MENU"."SORT" IS '排序';
COMMENT ON COLUMN "SYS_MENU"."REMARK" IS '备注';
COMMENT ON COLUMN "SYS_MENU"."STATUS" IS '状态（字典 0正常 1停用 2删除）';
COMMENT ON COLUMN "SYS_MENU"."CREATE_TIME" IS '创建时间';
COMMENT ON COLUMN "SYS_MENU"."CREATE_USER" IS '创建人';
COMMENT ON COLUMN "SYS_MENU"."UPDATE_TIME" IS '修改时间';
COMMENT ON COLUMN "SYS_MENU"."UPDATE_USER" IS '修改人';
COMMENT ON TABLE "SYS_MENU" IS '系统菜单表';

-- ----------------------------
-- Records of sys_menu
-- ----------------------------
INSERT INTO "SYS_MENU" VALUES ('1264622039642255311', '0', '[0],', '主控面板', 'system_index', '0', 'home', '/', 'RouteView', NULL, 'system', '0', 'Y', NULL, '/analysis', '1', '1', NULL, '0', TO_DATE('2020-05-25 02:19:24', 'SYYYY-MM-DD HH24:MI:SS'), '1265476890672672808', NULL, NULL);
INSERT INTO "SYS_MENU" VALUES ('1264622039642255321', '1264622039642255311', '[0],[1264622039642255311],', '分析页', 'system_index_dashboard', '1', NULL, 'analysis', 'system/dashboard/Analysis', NULL, 'system', '0', 'Y', NULL, NULL, '1', '100', NULL, '0', TO_DATE('2020-05-25 02:21:55', 'SYYYY-MM-DD HH24:MI:SS'), '1265476890672672808', NULL, NULL);
INSERT INTO "SYS_MENU" VALUES ('1264622039642255331', '1264622039642255311', '[0],[1264622039642255311],', '工作台', 'system_index_workplace', '1', NULL, 'workplace', 'system/dashboard/Workplace', NULL, 'system', '0', 'Y', NULL, NULL, '1', '2', NULL, '0', TO_DATE('2020-05-25 02:23:48', 'SYYYY-MM-DD HH24:MI:SS'), '1265476890672672808', NULL, NULL);
INSERT INTO "SYS_MENU" VALUES ('1264622039642255341', '0', '[0],', '组织架构', 'sys_mgr', '0', 'team', '/sys', 'PageView', NULL, 'system', '0', 'Y', NULL, NULL, '1', '2', NULL, '0', TO_DATE('2020-03-27 15:58:16', 'SYYYY-MM-DD HH24:MI:SS'), '1265476890672672808', NULL, NULL);
INSERT INTO "SYS_MENU" VALUES ('1264622039642255351', '1264622039642255341', '[0],[1264622039642255341],', '用户管理', 'sys_user_mgr', '1', NULL, '/mgr_user', 'system/user/index', NULL, 'system', '1', 'Y', NULL, NULL, '1', '3', NULL, '0', TO_DATE('2020-03-27 16:10:21', 'SYYYY-MM-DD HH24:MI:SS'), '1265476890672672808', NULL, NULL);
INSERT INTO "SYS_MENU" VALUES ('1264622039642255361', '1264622039642255351', '[0],[1264622039642255341],[1264622039642255351],', '用户查询', 'sys_user_mgr_page', '2', NULL, NULL, NULL, 'sysUser:page', 'system', '0', 'Y', NULL, NULL, '1', '100', NULL, '0', TO_DATE('2020-03-27 16:36:49', 'SYYYY-MM-DD HH24:MI:SS'), '1265476890672672808', NULL, NULL);
INSERT INTO "SYS_MENU" VALUES ('1264622039642255371', '1264622039642255351', '[0],[1264622039642255341],[1264622039642255351],', '用户编辑', 'sys_user_mgr_edit', '2', NULL, NULL, NULL, 'sysUser:edit', 'system', '0', 'Y', NULL, NULL, '1', '100', NULL, '0', TO_DATE('2020-07-02 12:20:23', 'SYYYY-MM-DD HH24:MI:SS'), '1265476890672672808', NULL, NULL);
INSERT INTO "SYS_MENU" VALUES ('1264622039642255381', '1264622039642255351', '[0],[1264622039642255341],[1264622039642255351],', '用户增加', 'sys_user_mgr_add', '2', NULL, NULL, NULL, 'sysUser:add', 'system', '0', 'Y', NULL, NULL, '1', '100', NULL, '0', TO_DATE('2020-03-27 16:37:35', 'SYYYY-MM-DD HH24:MI:SS'), '1265476890672672808', NULL, NULL);
INSERT INTO "SYS_MENU" VALUES ('1264622039642255391', '1264622039642255351', '[0],[1264622039642255341],[1264622039642255351],', '用户删除', 'sys_user_mgr_delete', '2', NULL, NULL, NULL, 'sysUser:delete', 'system', '0', 'Y', NULL, NULL, '1', '100', NULL, '0', TO_DATE('2020-03-27 16:37:58', 'SYYYY-MM-DD HH24:MI:SS'), '1265476890672672808', NULL, NULL);
INSERT INTO "SYS_MENU" VALUES ('1264622039642255401', '1264622039642255351', '[0],[1264622039642255341],[1264622039642255351],', '用户详情', 'sys_user_mgr_detail', '2', NULL, NULL, NULL, 'sysUser:detail', 'system', '0', 'Y', NULL, NULL, '1', '100', NULL, '0', TO_DATE('2020-03-27 16:38:25', 'SYYYY-MM-DD HH24:MI:SS'), '1265476890672672808', NULL, NULL);
INSERT INTO "SYS_MENU" VALUES ('1264622039642255411', '1264622039642255351', '[0],[1264622039642255341],[1264622039642255351],', '用户导出', 'sys_user_mgr_export', '2', NULL, NULL, NULL, 'sysUser:export', 'system', '0', 'Y', NULL, NULL, '1', '100', NULL, '0', TO_DATE('2020-07-02 12:21:59', 'SYYYY-MM-DD HH24:MI:SS'), '1265476890672672808', NULL, NULL);
INSERT INTO "SYS_MENU" VALUES ('1264622039642255421', '1264622039642255351', '[0],[1264622039642255341],[1264622039642255351],', '用户选择器', 'sys_user_mgr_selector', '2', NULL, NULL, NULL, 'sysUser:selector', 'system', '0', 'Y', NULL, NULL, '1', '100', NULL, '0', TO_DATE('2020-07-03 13:30:14', 'SYYYY-MM-DD HH24:MI:SS'), '1265476890672672808', NULL, NULL);
INSERT INTO "SYS_MENU" VALUES ('1264622039642255431', '1264622039642255351', '[0],[1264622039642255341],[1264622039642255351],', '用户授权角色', 'sys_user_mgr_grant_role', '2', NULL, NULL, NULL, 'sysUser:grantRole', 'system', '0', 'Y', NULL, NULL, '1', '100', NULL, '0', TO_DATE('2020-04-01 09:22:01', 'SYYYY-MM-DD HH24:MI:SS'), '1265476890672672808', NULL, NULL);
INSERT INTO "SYS_MENU" VALUES ('1264622039642255441', '1264622039642255351', '[0],[1264622039642255341],[1264622039642255351],', '用户拥有角色', 'sys_user_mgr_own_role', '2', NULL, NULL, NULL, 'sysUser:ownRole', 'system', '0', 'Y', NULL, NULL, '1', '100', NULL, '0', TO_DATE('2020-05-29 14:27:22', 'SYYYY-MM-DD HH24:MI:SS'), '1265476890672672808', NULL, NULL);
INSERT INTO "SYS_MENU" VALUES ('1264622039642255451', '1264622039642255351', '[0],[1264622039642255341],[1264622039642255351],', '用户授权数据', 'sys_user_mgr_grant_data', '2', NULL, NULL, NULL, 'sysUser:grantData', 'system', '0', 'Y', NULL, NULL, '1', '100', NULL, '0', TO_DATE('2020-04-01 09:22:13', 'SYYYY-MM-DD HH24:MI:SS'), '1265476890672672808', NULL, NULL);
INSERT INTO "SYS_MENU" VALUES ('1264622039642255461', '1264622039642255351', '[0],[1264622039642255341],[1264622039642255351],', '用户拥有数据', 'sys_user_mgr_own_data', '2', NULL, NULL, NULL, 'sysUser:ownData', 'system', '0', 'Y', NULL, NULL, '1', '100', NULL, '0', TO_DATE('2020-05-29 14:27:41', 'SYYYY-MM-DD HH24:MI:SS'), '1265476890672672808', NULL, NULL);
INSERT INTO "SYS_MENU" VALUES ('1264622039642255471', '1264622039642255351', '[0],[1264622039642255341],[1264622039642255351],', '用户更新信息', 'sys_user_mgr_update_info', '2', NULL, NULL, NULL, 'sysUser:updateInfo', 'system', '0', 'Y', NULL, NULL, '1', '100', NULL, '0', TO_DATE('2020-04-01 16:19:32', 'SYYYY-MM-DD HH24:MI:SS'), '1265476890672672808', NULL, NULL);
INSERT INTO "SYS_MENU" VALUES ('1264622039642255481', '1264622039642255351', '[0],[1264622039642255341],[1264622039642255351],', '用户修改密码', 'sys_user_mgr_update_pwd', '2', NULL, NULL, NULL, 'sysUser:updatePwd', 'system', '0', 'Y', NULL, NULL, '1', '100', NULL, '0', TO_DATE('2020-04-01 16:20:25', 'SYYYY-MM-DD HH24:MI:SS'), '1265476890672672808', NULL, NULL);
INSERT INTO "SYS_MENU" VALUES ('1264622039642255491', '1264622039642255351', '[0],[1264622039642255341],[1264622039642255351],', '用户修改状态', 'sys_user_mgr_change_status', '2', NULL, NULL, NULL, 'sysUser:changeStatus', 'system', '0', 'Y', NULL, NULL, '1', '100', NULL, '0', TO_DATE('2020-06-23 11:13:14', 'SYYYY-MM-DD HH24:MI:SS'), '1265476890672672808', NULL, NULL);
INSERT INTO "SYS_MENU" VALUES ('1264622039642255501', '1264622039642255351', '[0],[1264622039642255341],[1264622039642255351],', '用户修改头像', 'sys_user_mgr_update_avatar', '2', NULL, NULL, NULL, 'sysUser:updateAvatar', 'system', '0', 'Y', NULL, NULL, '1', '100', NULL, '0', TO_DATE('2020-07-02 12:21:42', 'SYYYY-MM-DD HH24:MI:SS'), '1265476890672672808', NULL, NULL);
INSERT INTO "SYS_MENU" VALUES ('1264622039642255511', '1264622039642255351', '[0],[1264622039642255341],[1264622039642255351],', '用户重置密码', 'sys_user_mgr_reset_pwd', '2', NULL, NULL, NULL, 'sysUser:resetPwd', 'system', '0', 'Y', NULL, NULL, '1', '100', NULL, '0', TO_DATE('2020-05-29 15:01:51', 'SYYYY-MM-DD HH24:MI:SS'), '1265476890672672808', NULL, NULL);
INSERT INTO "SYS_MENU" VALUES ('1264622039642255521', '1264622039642255341', '[0],[1264622039642255341],', '机构管理', 'sys_org_mgr', '1', NULL, '/org', 'system/org/index', NULL, 'system', '1', 'Y', NULL, NULL, '1', '4', NULL, '0', TO_DATE('2020-03-27 17:15:39', 'SYYYY-MM-DD HH24:MI:SS'), '1265476890672672808', NULL, NULL);
INSERT INTO "SYS_MENU" VALUES ('1264622039642255531', '1264622039642255521', '[0],[1264622039642255341],[1264622039642255521]', '机构查询', 'sys_org_mgr_page', '2', NULL, NULL, NULL, 'sysOrg:page', 'system', '0', 'Y', NULL, NULL, '1', '100', NULL, '0', TO_DATE('2020-03-27 17:17:37', 'SYYYY-MM-DD HH24:MI:SS'), '1265476890672672808', NULL, NULL);
INSERT INTO "SYS_MENU" VALUES ('1264622039642255541', '1264622039642255521', '[0],[1264622039642255341],[1264622039642255521]', '机构列表', 'sys_org_mgr_list', '2', NULL, NULL, NULL, 'sysOrg:list', 'system', '0', 'Y', NULL, NULL, '1', '100', NULL, '0', TO_DATE('2020-07-02 11:54:26', 'SYYYY-MM-DD HH24:MI:SS'), '1265476890672672808', NULL, NULL);
INSERT INTO "SYS_MENU" VALUES ('1264622039642255551', '1264622039642255521', '[0],[1264622039642255341],[1264622039642255521]', '机构增加', 'sys_org_mgr_add', '2', NULL, NULL, NULL, 'sysOrg:add', 'system', '0', 'Y', NULL, NULL, '1', '100', NULL, '0', TO_DATE('2020-03-27 17:19:53', 'SYYYY-MM-DD HH24:MI:SS'), '1265476890672672808', NULL, NULL);
INSERT INTO "SYS_MENU" VALUES ('1264622039642255561', '1264622039642255521', '[0],[1264622039642255341],[1264622039642255521]', '机构编辑', 'sys_org_mgr_edit', '2', NULL, NULL, NULL, 'sysOrg:edit', 'system', '0', 'Y', NULL, NULL, '1', '100', NULL, '0', TO_DATE('2020-07-02 11:54:37', 'SYYYY-MM-DD HH24:MI:SS'), '1265476890672672808', NULL, NULL);
INSERT INTO "SYS_MENU" VALUES ('1264622039642255571', '1264622039642255521', '[0],[1264622039642255341],[1264622039642255521]', '机构删除', 'sys_org_mgr_delete', '2', NULL, NULL, NULL, 'sysOrg:delete', 'system', '0', 'Y', NULL, NULL, '1', '100', NULL, '0', TO_DATE('2020-03-27 17:20:48', 'SYYYY-MM-DD HH24:MI:SS'), '1265476890672672808', NULL, NULL);
INSERT INTO "SYS_MENU" VALUES ('1264622039642255581', '1264622039642255521', '[0],[1264622039642255341],[1264622039642255521]', '机构详情', 'sys_org_mgr_detail', '2', NULL, NULL, NULL, 'sysOrg:detail', 'system', '0', 'Y', NULL, NULL, '1', '100', NULL, '0', TO_DATE('2020-03-27 17:21:15', 'SYYYY-MM-DD HH24:MI:SS'), '1265476890672672808', NULL, NULL);
INSERT INTO "SYS_MENU" VALUES ('1264622039642255591', '1264622039642255521', '[0],[1264622039642255341],[1264622039642255521]', '机构树', 'sys_org_mgr_tree', '2', NULL, NULL, NULL, 'sysOrg:tree', 'system', '0', 'Y', NULL, NULL, '1', '100', NULL, '0', TO_DATE('2020-03-27 17:21:58', 'SYYYY-MM-DD HH24:MI:SS'), '1265476890672672808', NULL, NULL);
INSERT INTO "SYS_MENU" VALUES ('1264622039642255601', '1264622039642255341', '[0],[1264622039642255341],', '职位管理', 'sys_pos_mgr', '1', NULL, '/pos', 'system/pos/index', NULL, 'system', '1', 'Y', NULL, NULL, '1', '5', NULL, '0', TO_DATE('2020-03-27 18:38:31', 'SYYYY-MM-DD HH24:MI:SS'), '1265476890672672808', NULL, NULL);
INSERT INTO "SYS_MENU" VALUES ('1264622039642255611', '1264622039642255601', '[0],[1264622039642255341],[1264622039642255601],', '职位查询', 'sys_pos_mgr_page', '2', NULL, NULL, NULL, 'sysPos:page', 'system', '0', 'Y', NULL, NULL, '1', '100', NULL, '0', TO_DATE('2020-03-27 18:41:48', 'SYYYY-MM-DD HH24:MI:SS'), '1265476890672672808', NULL, NULL);
INSERT INTO "SYS_MENU" VALUES ('1264622039642255621', '1264622039642255601', '[0],[1264622039642255341],[1264622039642255601],', '职位列表', 'sys_pos_mgr_list', '2', NULL, NULL, NULL, 'sysPos:list', 'system', '0', 'Y', NULL, NULL, '1', '100', NULL, '0', TO_DATE('2020-07-02 11:55:57', 'SYYYY-MM-DD HH24:MI:SS'), '1265476890672672808', NULL, NULL);
INSERT INTO "SYS_MENU" VALUES ('1264622039642255631', '1264622039642255601', '[0],[1264622039642255341],[1264622039642255601],', '职位增加', 'sys_pos_mgr_add', '2', NULL, NULL, NULL, 'sysPos:add', 'system', '0', 'Y', NULL, NULL, '1', '100', NULL, '0', TO_DATE('2020-03-27 18:42:20', 'SYYYY-MM-DD HH24:MI:SS'), '1265476890672672808', NULL, NULL);
INSERT INTO "SYS_MENU" VALUES ('1264622039642255641', '1264622039642255601', '[0],[1264622039642255341],[1264622039642255601],', '职位编辑', 'sys_pos_mgr_edit', '2', NULL, NULL, NULL, 'sysPos:edit', 'system', '0', 'Y', NULL, NULL, '1', '100', NULL, '0', TO_DATE('2020-07-02 11:56:08', 'SYYYY-MM-DD HH24:MI:SS'), '1265476890672672808', NULL, NULL);
INSERT INTO "SYS_MENU" VALUES ('1264622039642255651', '1264622039642255601', '[0],[1264622039642255341],[1264622039642255601],', '职位删除', 'sys_pos_mgr_delete', '2', NULL, NULL, NULL, 'sysPos:delete', 'system', '0', 'Y', NULL, NULL, '1', '100', NULL, '0', TO_DATE('2020-03-27 18:42:39', 'SYYYY-MM-DD HH24:MI:SS'), '1265476890672672808', NULL, NULL);
INSERT INTO "SYS_MENU" VALUES ('1264622039642255661', '1264622039642255601', '[0],[1264622039642255341],[1264622039642255601],', '职位详情', 'sys_pos_mgr_detail', '2', NULL, NULL, NULL, 'sysPos:detail', 'system', '0', 'Y', NULL, NULL, '1', '100', NULL, '0', TO_DATE('2020-03-27 18:43:00', 'SYYYY-MM-DD HH24:MI:SS'), '1265476890672672808', NULL, NULL);
INSERT INTO "SYS_MENU" VALUES ('1264622039642255671', '0', '[0],', '权限管理', 'auth_manager', '0', 'safety-certificate', '/auth', 'PageView', NULL, 'system', '0', 'Y', NULL, NULL, '1', '3', NULL, '0', TO_DATE('2020-07-15 15:51:57', 'SYYYY-MM-DD HH24:MI:SS'), '1265476890672672808', NULL, NULL);
INSERT INTO "SYS_MENU" VALUES ('1264622039642255681', '1264622039642255671', '[0],[1264622039642255671],', '应用管理', 'sys_app_mgr', '1', NULL, '/app', 'system/app/index', NULL, 'system', '1', 'Y', NULL, NULL, '1', '6', NULL, '0', TO_DATE('2020-03-27 16:40:21', 'SYYYY-MM-DD HH24:MI:SS'), '1265476890672672808', NULL, NULL);
INSERT INTO "SYS_MENU" VALUES ('1264622039642255691', '1264622039642255681', '[0],[1264622039642255671],[1264622039642255681],', '应用查询', 'sys_app_mgr_page', '2', NULL, NULL, NULL, 'sysApp:page', 'system', '0', 'Y', NULL, NULL, '1', '100', NULL, '0', TO_DATE('2020-03-27 16:41:58', 'SYYYY-MM-DD HH24:MI:SS'), '1265476890672672808', NULL, NULL);
INSERT INTO "SYS_MENU" VALUES ('1264622039642255701', '1264622039642255681', '[0],[1264622039642255671],[1264622039642255681],', '应用列表', 'sys_app_mgr_list', '2', NULL, NULL, NULL, 'sysApp:list', 'system', '0', 'Y', NULL, NULL, '1', '100', NULL, '0', TO_DATE('2020-07-02 10:04:59', 'SYYYY-MM-DD HH24:MI:SS'), '1265476890672672808', NULL, NULL);
INSERT INTO "SYS_MENU" VALUES ('1264622039642255711', '1264622039642255681', '[0],[1264622039642255671],[1264622039642255681],', '应用增加', 'sys_app_mgr_add', '2', NULL, NULL, NULL, 'sysApp:add', 'system', '0', 'Y', NULL, NULL, '1', '100', NULL, '0', TO_DATE('2020-03-27 16:44:10', 'SYYYY-MM-DD HH24:MI:SS'), '1265476890672672808', NULL, NULL);
INSERT INTO "SYS_MENU" VALUES ('1264622039642255721', '1264622039642255681', '[0],[1264622039642255671],[1264622039642255681],', '应用编辑', 'sys_app_mgr_edit', '2', NULL, NULL, NULL, 'sysApp:edit', 'system', '0', 'Y', NULL, NULL, '1', '100', NULL, '0', TO_DATE('2020-07-02 10:04:34', 'SYYYY-MM-DD HH24:MI:SS'), '1265476890672672808', NULL, NULL);
INSERT INTO "SYS_MENU" VALUES ('1264622039642255731', '1264622039642255681', '[0],[1264622039642255671],[1264622039642255681],', '应用删除', 'sys_app_mgr_delete', '2', NULL, NULL, NULL, 'sysApp:delete', 'system', '0', 'Y', NULL, NULL, '1', '100', NULL, '0', TO_DATE('2020-03-27 17:14:29', 'SYYYY-MM-DD HH24:MI:SS'), '1265476890672672808', NULL, NULL);
INSERT INTO "SYS_MENU" VALUES ('1264622039642255741', '1264622039642255681', '[0],[1264622039642255671],[1264622039642255681],', '应用详情', 'sys_app_mgr_detail', '2', NULL, NULL, NULL, 'sysApp:detail', 'system', '0', 'Y', NULL, NULL, '1', '100', NULL, '0', TO_DATE('2020-03-27 17:14:56', 'SYYYY-MM-DD HH24:MI:SS'), '1265476890672672808', NULL, NULL);
INSERT INTO "SYS_MENU" VALUES ('1264622039642255751', '1264622039642255681', '[0],[1264622039642255671],[1264622039642255681],', '设为默认应用', 'sys_app_mgr_set_as_default', '2', NULL, NULL, NULL, 'sysApp:setAsDefault', 'system', '0', 'Y', NULL, NULL, '1', '100', NULL, '0', TO_DATE('2020-03-27 17:14:56', 'SYYYY-MM-DD HH24:MI:SS'), '1265476890672672808', NULL, NULL);
INSERT INTO "SYS_MENU" VALUES ('1264622039642255761', '1264622039642255671', '[0],[1264622039642255671],', '菜单管理', 'sys_menu_mgr', '1', NULL, '/menu', 'system/menu/index', NULL, 'system', '1', 'Y', NULL, NULL, '1', '7', NULL, '0', TO_DATE('2020-03-27 18:44:35', 'SYYYY-MM-DD HH24:MI:SS'), '1265476890672672808', NULL, NULL);
INSERT INTO "SYS_MENU" VALUES ('1264622039642255771', '1264622039642255761', '[0],[1264622039642255671],[1264622039642255761],', '菜单列表', 'sys_menu_mgr_list', '2', NULL, NULL, NULL, 'sysMenu:list', 'system', '0', 'Y', NULL, NULL, '1', '100', NULL, '0', TO_DATE('2020-03-27 18:45:20', 'SYYYY-MM-DD HH24:MI:SS'), '1265476890672672808', NULL, NULL);
INSERT INTO "SYS_MENU" VALUES ('1264622039642255781', '1264622039642255761', '[0],[1264622039642255671],[1264622039642255761],', '菜单增加', 'sys_menu_mgr_add', '2', NULL, NULL, NULL, 'sysMenu:add', 'system', '0', 'Y', NULL, NULL, '1', '100', NULL, '0', TO_DATE('2020-03-27 18:45:37', 'SYYYY-MM-DD HH24:MI:SS'), '1265476890672672808', NULL, NULL);
INSERT INTO "SYS_MENU" VALUES ('1264622039642255791', '1264622039642255761', '[0],[1264622039642255671],[1264622039642255761],', '菜单编辑', 'sys_menu_mgr_edit', '2', NULL, NULL, NULL, 'sysMenu:edit', 'system', '0', 'Y', NULL, NULL, '1', '100', NULL, '0', TO_DATE('2020-07-02 11:52:00', 'SYYYY-MM-DD HH24:MI:SS'), '1265476890672672808', NULL, NULL);
INSERT INTO "SYS_MENU" VALUES ('1264622039642255801', '1264622039642255761', '[0],[1264622039642255671],[1264622039642255761],', '菜单删除', 'sys_menu_mgr_delete', '2', NULL, NULL, NULL, 'sysMenu:delete', 'system', '0', 'Y', NULL, NULL, '1', '100', NULL, '0', TO_DATE('2020-03-27 18:46:01', 'SYYYY-MM-DD HH24:MI:SS'), '1265476890672672808', NULL, NULL);
INSERT INTO "SYS_MENU" VALUES ('1264622039642255811', '1264622039642255761', '[0],[1264622039642255671],[1264622039642255761],', '菜单详情', 'sys_menu_mgr_detail', '2', NULL, NULL, NULL, 'sysMenu:detail', 'system', '0', 'Y', NULL, NULL, '1', '100', NULL, '0', TO_DATE('2020-03-27 18:46:22', 'SYYYY-MM-DD HH24:MI:SS'), '1265476890672672808', NULL, NULL);
INSERT INTO "SYS_MENU" VALUES ('1264622039642255821', '1264622039642255761', '[0],[1264622039642255671],[1264622039642255761],', '菜单授权树', 'sys_menu_mgr_grant_tree', '2', NULL, NULL, NULL, 'sysMenu:treeForGrant', 'system', '0', 'Y', NULL, NULL, '1', '100', NULL, '0', TO_DATE('2020-06-03 09:50:31', 'SYYYY-MM-DD HH24:MI:SS'), '1265476890672672808', NULL, NULL);
INSERT INTO "SYS_MENU" VALUES ('1264622039642255831', '1264622039642255761', '[0],[1264622039642255671],[1264622039642255761],', '菜单树', 'sys_menu_mgr_tree', '2', NULL, NULL, NULL, 'sysMenu:tree', 'system', '0', 'Y', NULL, NULL, '1', '100', NULL, '0', TO_DATE('2020-03-27 18:47:50', 'SYYYY-MM-DD HH24:MI:SS'), '1265476890672672808', NULL, NULL);
INSERT INTO "SYS_MENU" VALUES ('1264622039642255841', '1264622039642255761', '[0],[1264622039642255671],[1264622039642255761],', '菜单切换', 'sys_menu_mgr_change', '2', NULL, NULL, NULL, 'sysMenu:change', 'system', '0', 'Y', NULL, NULL, '1', '100', NULL, '0', TO_DATE('2020-06-03 09:51:43', 'SYYYY-MM-DD HH24:MI:SS'), '1265476890672672808', NULL, NULL);
INSERT INTO "SYS_MENU" VALUES ('1264622039642255851', '1264622039642255671', '[0],[1264622039642255671],', '角色管理', 'sys_role_mgr', '1', NULL, '/role', 'system/role/index', NULL, 'system', '1', 'Y', NULL, NULL, '1', '8', NULL, '0', TO_DATE('2020-03-28 16:01:09', 'SYYYY-MM-DD HH24:MI:SS'), '1265476890672672808', NULL, NULL);
INSERT INTO "SYS_MENU" VALUES ('1264622039642255861', '1264622039642255851', '[0],[1264622039642255671],[1264622039642255851],', '角色查询', 'sys_role_mgr_page', '2', NULL, NULL, NULL, 'sysRole:page', 'system', '0', 'Y', NULL, NULL, '1', '100', NULL, '0', TO_DATE('2020-03-28 16:02:09', 'SYYYY-MM-DD HH24:MI:SS'), '1265476890672672808', NULL, NULL);
INSERT INTO "SYS_MENU" VALUES ('1264622039642255871', '1264622039642255851', '[0],[1264622039642255671],[1264622039642255851],', '角色增加', 'sys_role_mgr_add', '2', NULL, NULL, NULL, 'sysRole:add', 'system', '0', 'Y', NULL, NULL, '1', '100', NULL, '0', TO_DATE('2020-03-28 16:02:27', 'SYYYY-MM-DD HH24:MI:SS'), '1265476890672672808', NULL, NULL);
INSERT INTO "SYS_MENU" VALUES ('1264622039642255881', '1264622039642255851', '[0],[1264622039642255671],[1264622039642255851],', '角色编辑', 'sys_role_mgr_edit', '2', NULL, NULL, NULL, 'sysRole:edit', 'system', '0', 'Y', NULL, NULL, '1', '100', NULL, '0', TO_DATE('2020-07-02 11:57:27', 'SYYYY-MM-DD HH24:MI:SS'), '1265476890672672808', NULL, NULL);
INSERT INTO "SYS_MENU" VALUES ('1264622039642255891', '1264622039642255851', '[0],[1264622039642255671],[1264622039642255851],', '角色删除', 'sys_role_mgr_delete', '2', NULL, NULL, NULL, 'sysRole:delete', 'system', '0', 'Y', NULL, NULL, '1', '100', NULL, '0', TO_DATE('2020-03-28 16:02:46', 'SYYYY-MM-DD HH24:MI:SS'), '1265476890672672808', NULL, NULL);
INSERT INTO "SYS_MENU" VALUES ('1264622039642255901', '1264622039642255851', '[0],[1264622039642255671],[1264622039642255851],', '角色详情', 'sys_role_mgr_detail', '2', NULL, NULL, NULL, 'sysRole:detail', 'system', '0', 'Y', NULL, NULL, '1', '100', NULL, '0', TO_DATE('2020-03-28 16:03:01', 'SYYYY-MM-DD HH24:MI:SS'), '1265476890672672808', NULL, NULL);
INSERT INTO "SYS_MENU" VALUES ('1264622039642255911', '1264622039642255851', '[0],[1264622039642255671],[1264622039642255851],', '角色下拉', 'sys_role_mgr_drop_down', '2', NULL, NULL, NULL, 'sysRole:dropDown', 'system', '0', 'Y', NULL, NULL, '1', '100', NULL, '0', TO_DATE('2020-05-29 15:45:39', 'SYYYY-MM-DD HH24:MI:SS'), '1265476890672672808', NULL, NULL);
INSERT INTO "SYS_MENU" VALUES ('1264622039642255921', '1264622039642255851', '[0],[1264622039642255671],[1264622039642255851],', '角色授权菜单', 'sys_role_mgr_grant_menu', '2', NULL, NULL, NULL, 'sysRole:grantMenu', 'system', '0', 'Y', NULL, NULL, '1', '100', NULL, '0', TO_DATE('2020-04-01 09:16:27', 'SYYYY-MM-DD HH24:MI:SS'), '1265476890672672808', NULL, NULL);
INSERT INTO "SYS_MENU" VALUES ('1264622039642255931', '1264622039642255851', '[0],[1264622039642255671],[1264622039642255851],', '角色拥有菜单', 'sys_role_mgr_own_menu', '2', NULL, NULL, NULL, 'sysRole:ownMenu', 'system', '0', 'Y', NULL, NULL, '1', '100', NULL, '0', TO_DATE('2020-05-29 14:21:54', 'SYYYY-MM-DD HH24:MI:SS'), '1265476890672672808', NULL, NULL);
INSERT INTO "SYS_MENU" VALUES ('1264622039642255941', '1264622039642255851', '[0],[1264622039642255671],[1264622039642255851],', '角色授权数据', 'sys_role_mgr_grant_data', '2', NULL, NULL, NULL, 'sysRole:grantData', 'system', '0', 'Y', NULL, NULL, '1', '100', NULL, '0', TO_DATE('2020-04-01 09:16:56', 'SYYYY-MM-DD HH24:MI:SS'), '1265476890672672808', NULL, NULL);
INSERT INTO "SYS_MENU" VALUES ('1264622039642255951', '1264622039642255851', '[0],[1264622039642255671],[1264622039642255851],', '角色拥有数据', 'sys_role_mgr_own_data', '2', NULL, NULL, NULL, 'sysRole:ownData', 'system', '0', 'Y', NULL, NULL, '1', '100', NULL, '0', TO_DATE('2020-05-29 14:23:08', 'SYYYY-MM-DD HH24:MI:SS'), '1265476890672672808', NULL, NULL);
INSERT INTO "SYS_MENU" VALUES ('1264622039642255961', '0', '[0],', '开发管理', 'system_tools', '0', 'euro', '/tools', 'PageView', NULL, 'system', '1', 'Y', NULL, NULL, '1', '4', NULL, '0', TO_DATE('2020-05-25 02:10:55', 'SYYYY-MM-DD HH24:MI:SS'), '1265476890672672808', NULL, NULL);
INSERT INTO "SYS_MENU" VALUES ('1264622039642255971', '1264622039642255961', '[0],[1264622039642255961],', '系统配置', 'system_tools_config', '1', NULL, '/config', 'system/config/index', NULL, 'system', '1', 'Y', NULL, NULL, '1', '9', NULL, '0', TO_DATE('2020-05-25 02:12:56', 'SYYYY-MM-DD HH24:MI:SS'), '1265476890672672808', NULL, NULL);
INSERT INTO "SYS_MENU" VALUES ('1264622039642255981', '1264622039642255971', '[0],[1264622039642255961],[1264622039642255971],', '配置查询', 'system_tools_config_page', '2', NULL, NULL, NULL, 'sysConfig:page', 'system', '0', 'Y', NULL, NULL, '1', '100', NULL, '0', TO_DATE('2020-05-27 17:02:22', 'SYYYY-MM-DD HH24:MI:SS'), '1265476890672672808', NULL, NULL);
INSERT INTO "SYS_MENU" VALUES ('1264622039642255991', '1264622039642255971', '[0],[1264622039642255961],[1264622039642255971],', '配置列表', 'system_tools_config_list', '2', NULL, NULL, NULL, 'sysConfig:list', 'system', '0', 'Y', NULL, NULL, '1', '100', NULL, '0', TO_DATE('2020-05-27 17:02:42', 'SYYYY-MM-DD HH24:MI:SS'), '1265476890672672808', NULL, NULL);
INSERT INTO "SYS_MENU" VALUES ('1264622039642256001', '1264622039642255971', '[0],[1264622039642255961],[1264622039642255971],', '配置增加', 'system_tools_config_add', '2', NULL, NULL, NULL, 'sysConfig:add', 'system', '0', 'Y', NULL, NULL, '1', '100', NULL, '0', TO_DATE('2020-05-27 17:03:31', 'SYYYY-MM-DD HH24:MI:SS'), '1265476890672672808', NULL, NULL);
INSERT INTO "SYS_MENU" VALUES ('1264622039642256011', '1264622039642255971', '[0],[1264622039642255961],[1264622039642255971],', '配置编辑', 'system_tools_config_edit', '2', NULL, NULL, NULL, 'sysConfig:edit', 'system', '0', 'Y', NULL, NULL, '1', '100', NULL, '0', TO_DATE('2020-05-27 17:03:55', 'SYYYY-MM-DD HH24:MI:SS'), '1265476890672672808', NULL, NULL);
INSERT INTO "SYS_MENU" VALUES ('1264622039642256021', '1264622039642255971', '[0],[1264622039642255961],[1264622039642255971],', '配置删除', 'system_tools_config_delete', '2', NULL, NULL, NULL, 'sysConfig:delete', 'system', '0', 'Y', NULL, NULL, '1', '100', NULL, '0', TO_DATE('2020-05-27 17:03:44', 'SYYYY-MM-DD HH24:MI:SS'), '1265476890672672808', NULL, NULL);
INSERT INTO "SYS_MENU" VALUES ('1264622039642256031', '1264622039642255971', '[0],[1264622039642255961],[1264622039642255971],', '配置详情', 'system_tools_config_detail', '2', NULL, NULL, NULL, 'sysConfig:detail', 'system', '0', 'Y', NULL, NULL, '1', '100', NULL, '0', TO_DATE('2020-05-27 17:02:59', 'SYYYY-MM-DD HH24:MI:SS'), '1265476890672672808', NULL, NULL);
INSERT INTO "SYS_MENU" VALUES ('1264622039642256041', '1264622039642255961', '[0],[1264622039642255961],', '邮件发送', 'sys_email_mgr', '1', NULL, '/email', 'system/email/index', NULL, 'system', '1', 'Y', NULL, NULL, '1', '10', NULL, '0', TO_DATE('2020-07-02 11:44:21', 'SYYYY-MM-DD HH24:MI:SS'), '1265476890672672808', NULL, NULL);
INSERT INTO "SYS_MENU" VALUES ('1264622039642256051', '1264622039642256041', '[0],[1264622039642255961],[1264622039642256041],', '发送文本邮件', 'sys_email_mgr_send_email', '2', NULL, NULL, NULL, 'email:sendEmail', 'system', '0', 'Y', NULL, NULL, '1', '100', NULL, '0', TO_DATE('2020-07-02 11:45:39', 'SYYYY-MM-DD HH24:MI:SS'), '1265476890672672808', NULL, NULL);
INSERT INTO "SYS_MENU" VALUES ('1264622039642256061', '1264622039642256041', '[0],[1264622039642255961],[1264622039642256041],', '发送html邮件', 'sys_email_mgr_send_email_html', '2', NULL, NULL, NULL, 'email:sendEmailHtml', 'system', '0', 'Y', NULL, NULL, '1', '100', NULL, '0', TO_DATE('2020-07-02 11:45:57', 'SYYYY-MM-DD HH24:MI:SS'), '1265476890672672808', NULL, NULL);
INSERT INTO "SYS_MENU" VALUES ('1264622039642256071', '1264622039642255961', '[0],[1264622039642255961],', '短信管理', 'sys_sms_mgr', '1', NULL, '/sms', 'system/sms/index', NULL, 'system', '1', 'Y', NULL, NULL, '1', '11', NULL, '0', TO_DATE('2020-07-02 12:00:12', 'SYYYY-MM-DD HH24:MI:SS'), '1265476890672672808', NULL, NULL);
INSERT INTO "SYS_MENU" VALUES ('1264622039642256081', '1264622039642256071', '[0],[1264622039642255961],[1264622039642256071],', '短信发送查询', 'sys_sms_mgr_page', '2', NULL, NULL, NULL, 'sms:page', 'system', '0', 'Y', NULL, NULL, '1', '100', NULL, '0', TO_DATE('2020-07-02 12:16:56', 'SYYYY-MM-DD HH24:MI:SS'), '1265476890672672808', NULL, NULL);
INSERT INTO "SYS_MENU" VALUES ('1264622039642256091', '1264622039642256071', '[0],[1264622039642255961],[1264622039642256071],', '发送验证码短信', 'sys_sms_mgr_send_login_message', '2', NULL, NULL, NULL, 'sms:sendLoginMessage', 'system', '0', 'Y', NULL, NULL, '1', '100', NULL, '0', TO_DATE('2020-07-02 12:02:31', 'SYYYY-MM-DD HH24:MI:SS'), '1265476890672672808', NULL, NULL);
INSERT INTO "SYS_MENU" VALUES ('1264622039642256101', '1264622039642256071', '[0],[1264622039642255961],[1264622039642256071],', '验证短信验证码', 'sys_sms_mgr_validate_message', '2', NULL, NULL, NULL, 'sms:validateMessage', 'system', '0', 'Y', NULL, NULL, '1', '100', NULL, '0', TO_DATE('2020-07-02 12:02:50', 'SYYYY-MM-DD HH24:MI:SS'), '1265476890672672808', NULL, NULL);
INSERT INTO "SYS_MENU" VALUES ('1264622039642256111', '1264622039642255961', '[0],[1264622039642255961],', '字典管理', 'sys_dict_mgr', '1', NULL, '/dict', 'system/dict/index', NULL, 'system', '1', 'Y', NULL, NULL, '1', '12', NULL, '0', TO_DATE('2020-04-01 11:17:26', 'SYYYY-MM-DD HH24:MI:SS'), '1265476890672672808', NULL, NULL);
INSERT INTO "SYS_MENU" VALUES ('1264622039642256121', '1264622039642256111', '[0],[1264622039642255961],[1264622039642256111],', '字典类型查询', 'sys_dict_mgr_dict_type_page', '2', NULL, NULL, NULL, 'sysDictType:page', 'system', '0', 'Y', NULL, NULL, '1', '100', NULL, '0', TO_DATE('2020-04-01 11:20:22', 'SYYYY-MM-DD HH24:MI:SS'), '1265476890672672808', NULL, NULL);
INSERT INTO "SYS_MENU" VALUES ('1264622039642256131', '1264622039642256111', '[0],[1264622039642255961],[1264622039642256111],', '字典类型列表', 'sys_dict_mgr_dict_type_list', '2', NULL, NULL, NULL, 'sysDictType:list', 'system', '0', 'Y', NULL, NULL, '1', '100', NULL, '0', TO_DATE('2020-05-29 15:12:35', 'SYYYY-MM-DD HH24:MI:SS'), '1265476890672672808', NULL, NULL);
INSERT INTO "SYS_MENU" VALUES ('1264622039642256141', '1264622039642256111', '[0],[1264622039642255961],[1264622039642256111],', '字典类型增加', 'sys_dict_mgr_dict_type_add', '2', NULL, NULL, NULL, 'sysDictType:add', 'system', '0', 'Y', NULL, NULL, '1', '100', NULL, '0', TO_DATE('2020-04-01 11:19:58', 'SYYYY-MM-DD HH24:MI:SS'), '1265476890672672808', NULL, NULL);
INSERT INTO "SYS_MENU" VALUES ('1264622039642256151', '1264622039642256111', '[0],[1264622039642255961],[1264622039642256111],', '字典类型删除', 'sys_dict_mgr_dict_type_delete', '2', NULL, NULL, NULL, 'sysDictType:delete', 'system', '0', 'Y', NULL, NULL, '1', '100', NULL, '0', TO_DATE('2020-04-01 11:21:30', 'SYYYY-MM-DD HH24:MI:SS'), '1265476890672672808', NULL, NULL);
INSERT INTO "SYS_MENU" VALUES ('1264622039642256161', '1264622039642256111', '[0],[1264622039642255961],[1264622039642256111],', '字典类型编辑', 'sys_dict_mgr_dict_type_edit', '2', NULL, NULL, NULL, 'sysDictType:edit', 'system', '0', 'Y', NULL, NULL, '1', '100', NULL, '0', TO_DATE('2020-04-01 11:21:42', 'SYYYY-MM-DD HH24:MI:SS'), '1265476890672672808', NULL, NULL);
INSERT INTO "SYS_MENU" VALUES ('1264622039642256171', '1264622039642256111', '[0],[1264622039642255961],[1264622039642256111],', '字典类型详情', 'sys_dict_mgr_dict_type_detail', '2', NULL, NULL, NULL, 'sysDictType:detail', 'system', '0', 'Y', NULL, NULL, '1', '100', NULL, '0', TO_DATE('2020-04-01 11:22:06', 'SYYYY-MM-DD HH24:MI:SS'), '1265476890672672808', NULL, NULL);
INSERT INTO "SYS_MENU" VALUES ('1264622039642256181', '1264622039642256111', '[0],[1264622039642255961],[1264622039642256111],', '字典类型下拉', 'sys_dict_mgr_dict_type_drop_down', '2', NULL, NULL, NULL, 'sysDictType:dropDown', 'system', '0', 'Y', NULL, NULL, '1', '100', NULL, '0', TO_DATE('2020-04-01 11:22:23', 'SYYYY-MM-DD HH24:MI:SS'), '1265476890672672808', NULL, NULL);
INSERT INTO "SYS_MENU" VALUES ('1264622039642256191', '1264622039642256111', '[0],[1264622039642255961],[1264622039642256111],', '字典类型修改状态', 'sys_dict_mgr_dict_type_change_status', '2', NULL, NULL, NULL, 'sysDictType:changeStatus', 'system', '0', 'Y', NULL, NULL, '1', '100', NULL, '0', TO_DATE('2020-06-23 11:15:50', 'SYYYY-MM-DD HH24:MI:SS'), '1265476890672672808', NULL, NULL);
INSERT INTO "SYS_MENU" VALUES ('1264622039642256201', '1264622039642256111', '[0],[1264622039642255961],[1264622039642256111],', '字典值查询', 'sys_dict_mgr_dict_page', '2', NULL, NULL, NULL, 'sysDictData:page', 'system', '0', 'Y', NULL, NULL, '1', '100', NULL, '0', TO_DATE('2020-04-01 11:23:11', 'SYYYY-MM-DD HH24:MI:SS'), '1265476890672672808', NULL, NULL);
INSERT INTO "SYS_MENU" VALUES ('1264622039642256211', '1264622039642256111', '[0],[1264622039642255961],[1264622039642256111],', '字典值列表', 'sys_dict_mgr_dict_list', '2', NULL, NULL, NULL, 'sysDictData:list', 'system', '0', 'Y', NULL, NULL, '1', '100', NULL, '0', TO_DATE('2020-04-01 11:24:58', 'SYYYY-MM-DD HH24:MI:SS'), '1265476890672672808', NULL, NULL);
INSERT INTO "SYS_MENU" VALUES ('1264622039642256221', '1264622039642256111', '[0],[1264622039642255961],[1264622039642256111],', '字典值增加', 'sys_dict_mgr_dict_add', '2', NULL, NULL, NULL, 'sysDictData:add', 'system', '0', 'Y', NULL, NULL, '1', '100', NULL, '0', TO_DATE('2020-04-01 11:22:51', 'SYYYY-MM-DD HH24:MI:SS'), '1265476890672672808', NULL, NULL);
INSERT INTO "SYS_MENU" VALUES ('1264622039642256231', '1264622039642256111', '[0],[1264622039642255961],[1264622039642256111],', '字典值删除', 'sys_dict_mgr_dict_delete', '2', NULL, NULL, NULL, 'sysDictData:delete', 'system', '0', 'Y', NULL, NULL, '1', '100', NULL, '0', TO_DATE('2020-04-01 11:23:26', 'SYYYY-MM-DD HH24:MI:SS'), '1265476890672672808', NULL, NULL);
INSERT INTO "SYS_MENU" VALUES ('1264622039642256241', '1264622039642256111', '[0],[1264622039642255961],[1264622039642256111],', '字典值编辑', 'sys_dict_mgr_dict_edit', '2', NULL, NULL, NULL, 'sysDictData:edit', 'system', '0', 'Y', NULL, NULL, '1', '100', NULL, '0', TO_DATE('2020-04-01 11:24:21', 'SYYYY-MM-DD HH24:MI:SS'), '1265476890672672808', NULL, NULL);
INSERT INTO "SYS_MENU" VALUES ('1264622039642256251', '1264622039642256111', '[0],[1264622039642255961],[1264622039642256111],', '字典值详情', 'sys_dict_mgr_dict_detail', '2', NULL, NULL, NULL, 'sysDictData:detail', 'system', '0', 'Y', NULL, NULL, '1', '100', NULL, '0', TO_DATE('2020-04-01 11:24:42', 'SYYYY-MM-DD HH24:MI:SS'), '1265476890672672808', NULL, NULL);
INSERT INTO "SYS_MENU" VALUES ('1264622039642256261', '1264622039642256111', '[0],[1264622039642255961],[1264622039642256111],', '字典值修改状态', 'sys_dict_mgr_dict_change_status', '2', NULL, NULL, NULL, 'sysDictData:changeStatus', 'system', '0', 'Y', NULL, NULL, '1', '100', NULL, '0', TO_DATE('2020-06-23 11:17:53', 'SYYYY-MM-DD HH24:MI:SS'), '1265476890672672808', NULL, NULL);
INSERT INTO "SYS_MENU" VALUES ('1264622039642256271', '1264622039642255961', '[0],[1264622039642255961],', '接口文档', 'sys_swagger_mgr', '1', NULL, '/swagger', 'Iframe', NULL, 'system', '2', 'Y', 'http://localhost:82/doc.html', NULL, '1', '13', NULL, '0', TO_DATE('2020-07-02 12:16:56', 'SYYYY-MM-DD HH24:MI:SS'), '1265476890672672808', NULL, NULL);
INSERT INTO "SYS_MENU" VALUES ('1264622039642256281', '0', '[0],', '日志管理', 'sys_log_mgr', '0', 'read', '/log', 'PageView', NULL, 'system', '1', 'Y', NULL, NULL, '1', '5', NULL, '0', TO_DATE('2020-04-01 09:25:01', 'SYYYY-MM-DD HH24:MI:SS'), '1265476890672672808', NULL, NULL);
INSERT INTO "SYS_MENU" VALUES ('1264622039642256291', '1264622039642256281', '[0],[1264622039642256281],', '访问日志', 'sys_log_mgr_vis_log', '1', NULL, '/vislog', 'system/log/vislog/index', NULL, 'system', '0', 'Y', NULL, NULL, '1', '14', NULL, '0', TO_DATE('2020-04-01 09:26:40', 'SYYYY-MM-DD HH24:MI:SS'), '1265476890672672808', NULL, NULL);
INSERT INTO "SYS_MENU" VALUES ('1264622039642256301', '1264622039642256291', '[0],[1264622039642256281],[1264622039642256291],', '访问日志查询', 'sys_log_mgr_vis_log_page', '2', NULL, NULL, NULL, 'sysVisLog:page', 'system', '0', 'Y', NULL, NULL, '1', '100', NULL, '0', TO_DATE('2020-07-02 09:55:51', 'SYYYY-MM-DD HH24:MI:SS'), '1265476890672672808', NULL, NULL);
INSERT INTO "SYS_MENU" VALUES ('1264622039642256311', '1264622039642256291', '[0],[1264622039642256281],[1264622039642256291],', '访问日志清空', 'sys_log_mgr_vis_log_delete', '2', NULL, NULL, NULL, 'sysVisLog:delete', 'system', '0', 'Y', NULL, NULL, '1', '100', NULL, '0', TO_DATE('2020-07-02 09:56:57', 'SYYYY-MM-DD HH24:MI:SS'), '1265476890672672808', NULL, NULL);
INSERT INTO "SYS_MENU" VALUES ('1264622039642256321', '1264622039642256281', '[0],[1264622039642256281],', '操作日志', 'sys_log_mgr_op_log', '1', NULL, '/oplog', 'system/log/oplog/index', NULL, 'system', '0', 'Y', NULL, NULL, '1', '15', NULL, '0', TO_DATE('2020-04-01 09:26:59', 'SYYYY-MM-DD HH24:MI:SS'), '1265476890672672808', NULL, NULL);
INSERT INTO "SYS_MENU" VALUES ('1264622039642256331', '1264622039642256321', '[0],[1264622039642256281],[1264622039642256321],', '操作日志查询', 'sys_log_mgr_op_log_page', '2', NULL, NULL, NULL, 'sysOpLog:page', 'system', '0', 'Y', NULL, NULL, '1', '100', NULL, '0', TO_DATE('2020-07-02 09:57:39', 'SYYYY-MM-DD HH24:MI:SS'), '1265476890672672808', NULL, NULL);
INSERT INTO "SYS_MENU" VALUES ('1264622039642256341', '1264622039642256321', '[0],[1264622039642256281],[1264622039642256321],', '操作日志清空', 'sys_log_mgr_op_log_delete', '2', NULL, NULL, NULL, 'sysOpLog:delete', 'system', '0', 'Y', NULL, NULL, '1', '100', NULL, '0', TO_DATE('2020-07-02 09:58:13', 'SYYYY-MM-DD HH24:MI:SS'), '1265476890672672808', NULL, NULL);
INSERT INTO "SYS_MENU" VALUES ('1264622039642256351', '0', '[0],', '系统监控', 'sys_monitor_mgr', '0', 'deployment-unit', '/monitor', 'PageView', NULL, 'system', '1', 'Y', NULL, NULL, '1', '6', NULL, '0', TO_DATE('2020-06-05 16:00:50', 'SYYYY-MM-DD HH24:MI:SS'), '1265476890672672808', NULL, NULL);
INSERT INTO "SYS_MENU" VALUES ('1264622039642256361', '1264622039642256351', '[0],[1264622039642256351],', '服务监控', 'sys_monitor_mgr_machine_monitor', '1', NULL, '/machine', 'system/machine/index', NULL, 'system', '1', 'Y', NULL, NULL, '1', '16', NULL, '0', TO_DATE('2020-06-05 16:02:38', 'SYYYY-MM-DD HH24:MI:SS'), '1265476890672672808', NULL, NULL);
INSERT INTO "SYS_MENU" VALUES ('1264622039642256371', '1264622039642256361', '[0],[1264622039642256351],[1264622039642256361],', '服务监控查询', 'sys_monitor_mgr_machine_monitor_query', '2', NULL, NULL, NULL, 'sysMachine:query', 'system', '0', 'Y', NULL, NULL, '1', '100', NULL, '0', TO_DATE('2020-06-05 16:05:33', 'SYYYY-MM-DD HH24:MI:SS'), '1265476890672672808', NULL, NULL);
INSERT INTO "SYS_MENU" VALUES ('1264622039642256381', '1264622039642256351', '[0],[1264622039642256351],', '在线用户', 'sys_monitor_mgr_online_user', '1', NULL, '/onlineUser', 'system/onlineUser/index', NULL, 'system', '1', 'Y', NULL, NULL, '1', '17', NULL, '0', TO_DATE('2020-06-05 16:01:55', 'SYYYY-MM-DD HH24:MI:SS'), '1265476890672672808', NULL, NULL);
INSERT INTO "SYS_MENU" VALUES ('1264622039642256391', '1264622039642256381', '[0],[1264622039642256351],[1264622039642256381],', '在线用户列表', 'sys_monitor_mgr_online_user_list', '2', NULL, NULL, NULL, 'sysOnlineUser:list', 'system', '0', 'Y', NULL, NULL, '1', '100', NULL, '0', TO_DATE('2020-06-05 16:03:46', 'SYYYY-MM-DD HH24:MI:SS'), '1265476890672672808', NULL, NULL);
INSERT INTO "SYS_MENU" VALUES ('1264622039642256401', '1264622039642256381', '[0],[1264622039642256351],[1264622039642256381],', '在线用户强退', 'sys_monitor_mgr_online_user_force_exist', '2', NULL, NULL, NULL, 'sysOnlineUser:forceExist', 'system', '0', 'Y', NULL, NULL, '1', '100', NULL, '0', TO_DATE('2020-06-05 16:04:16', 'SYYYY-MM-DD HH24:MI:SS'), '1265476890672672808', NULL, NULL);
INSERT INTO "SYS_MENU" VALUES ('1264622039642256411', '1264622039642256351', '[0],[1264622039642256351],', '数据监控', 'sys_monitor_mgr_druid', '1', NULL, '/druid', 'Iframe', NULL, 'system', '2', 'Y', 'http://localhost:82/druid/login.html', NULL, '1', '18', NULL, '0', TO_DATE('2020-06-28 16:15:07', 'SYYYY-MM-DD HH24:MI:SS'), '1265476890672672808', TO_DATE('2020-09-13 09:39:10', 'SYYYY-MM-DD HH24:MI:SS'), '1265476890672672808');
INSERT INTO "SYS_MENU" VALUES ('1264622039642256421', '0', '[0],', '通知公告', 'sys_notice', '0', 'sound', '/notice', 'PageView', NULL, 'system', '1', 'Y', NULL, NULL, '1', '7', NULL, '0', TO_DATE('2020-06-29 15:41:53', 'SYYYY-MM-DD HH24:MI:SS'), '1265476890672672808', NULL, NULL);
INSERT INTO "SYS_MENU" VALUES ('1264622039642256431', '1264622039642256421', '[0],[1264622039642256421],', '公告管理', 'sys_notice_mgr', '1', NULL, '/notice', 'system/notice/index', NULL, 'system', '1', 'Y', NULL, NULL, '1', '19', NULL, '0', TO_DATE('2020-06-29 15:44:24', 'SYYYY-MM-DD HH24:MI:SS'), '1265476890672672808', NULL, NULL);
INSERT INTO "SYS_MENU" VALUES ('1264622039642256441', '1264622039642256431', '[0],[1264622039642256421],[1264622039642256431],', '公告查询', 'sys_notice_mgr_page', '2', NULL, NULL, NULL, 'sysNotice:page', 'system', '0', 'Y', NULL, NULL, '1', '100', NULL, '0', TO_DATE('2020-06-29 15:45:30', 'SYYYY-MM-DD HH24:MI:SS'), '1265476890672672808', NULL, NULL);
INSERT INTO "SYS_MENU" VALUES ('1264622039642256451', '1264622039642256431', '[0],[1264622039642256421],[1264622039642256431],', '公告增加', 'sys_notice_mgr_add', '2', NULL, NULL, NULL, 'sysNotice:add', 'system', '0', 'Y', NULL, NULL, '1', '100', NULL, '0', TO_DATE('2020-06-29 15:45:57', 'SYYYY-MM-DD HH24:MI:SS'), '1265476890672672808', NULL, NULL);
INSERT INTO "SYS_MENU" VALUES ('1264622039642256461', '1264622039642256431', '[0],[1264622039642256421],[1264622039642256431],', '公告编辑', 'sys_notice_mgr_edit', '2', NULL, NULL, NULL, 'sysNotice:edit', 'system', '0', 'Y', NULL, NULL, '1', '100', NULL, '0', TO_DATE('2020-06-29 15:46:22', 'SYYYY-MM-DD HH24:MI:SS'), '1265476890672672808', NULL, NULL);
INSERT INTO "SYS_MENU" VALUES ('1264622039642256471', '1264622039642256431', '[0],[1264622039642256421],[1264622039642256431],', '公告删除', 'sys_notice_mgr_delete', '2', NULL, NULL, NULL, 'sysNotice:delete', 'system', '0', 'Y', NULL, NULL, '1', '100', NULL, '0', TO_DATE('2020-06-29 15:46:11', 'SYYYY-MM-DD HH24:MI:SS'), '1265476890672672808', NULL, NULL);
INSERT INTO "SYS_MENU" VALUES ('1264622039642256481', '1264622039642256431', '[0],[1264622039642256421],[1264622039642256431],', '公告查看', 'sys_notice_mgr_detail', '2', NULL, NULL, NULL, 'sysNotice:detail', 'system', '0', 'Y', NULL, NULL, '1', '100', NULL, '0', TO_DATE('2020-06-29 15:46:33', 'SYYYY-MM-DD HH24:MI:SS'), '1265476890672672808', NULL, NULL);
INSERT INTO "SYS_MENU" VALUES ('1264622039642256491', '1264622039642256431', '[0],[1264622039642256421],[1264622039642256431],', '公告修改状态', 'sys_notice_mgr_changeStatus', '2', NULL, NULL, NULL, 'sysNotice:changeStatus', 'system', '0', 'Y', NULL, NULL, '1', '100', NULL, '0', TO_DATE('2020-06-29 15:46:50', 'SYYYY-MM-DD HH24:MI:SS'), '1265476890672672808', NULL, NULL);
INSERT INTO "SYS_MENU" VALUES ('1264622039642256501', '1264622039642256421', '[0],[1264622039642256421],', '已收公告', 'sys_notice_mgr_received', '1', NULL, '/noticeReceived', 'system/noticeReceived/index', NULL, 'system', '1', 'Y', NULL, NULL, '1', '20', NULL, '0', TO_DATE('2020-06-29 16:32:53', 'SYYYY-MM-DD HH24:MI:SS'), '1265476890672672808', NULL, NULL);
INSERT INTO "SYS_MENU" VALUES ('1264622039642256511', '1264622039642256501', '[0],[1264622039642256421],[1264622039642256501],', '已收公告查询', 'sys_notice_mgr_received_page', '2', NULL, NULL, NULL, 'sysNotice:received', 'system', '0', 'Y', NULL, NULL, '1', '100', NULL, '0', TO_DATE('2020-06-29 16:33:43', 'SYYYY-MM-DD HH24:MI:SS'), '1265476890672672808', NULL, NULL);
INSERT INTO "SYS_MENU" VALUES ('1264622039642256521', '0', '[0],', '文件管理', 'sys_file_mgr', '0', 'file', '/file', 'PageView', NULL, 'system', '1', 'Y', NULL, NULL, '1', '8', NULL, '0', TO_DATE('2020-06-24 17:31:10', 'SYYYY-MM-DD HH24:MI:SS'), '1265476890672672808', NULL, NULL);
INSERT INTO "SYS_MENU" VALUES ('1264622039642256531', '1264622039642256521', '[0],[1264622039642256521],', '系统文件', 'sys_file_mgr_sys_file', '1', NULL, '/file', 'system/file/index', NULL, 'system', '1', 'Y', NULL, NULL, '1', '21', NULL, '0', TO_DATE('2020-06-24 17:32:57', 'SYYYY-MM-DD HH24:MI:SS'), '1265476890672672808', NULL, NULL);
INSERT INTO "SYS_MENU" VALUES ('1264622039642256541', '1264622039642256531', '[0],[1264622039642256521],[1264622039642256531],', '文件查询', 'sys_file_mgr_sys_file_page', '2', NULL, NULL, NULL, 'sysFileInfo:page', 'system', '0', 'Y', NULL, NULL, '1', '100', NULL, '0', TO_DATE('2020-06-24 17:35:38', 'SYYYY-MM-DD HH24:MI:SS'), '1265476890672672808', NULL, NULL);
INSERT INTO "SYS_MENU" VALUES ('1264622039642256551', '1264622039642256531', '[0],[1264622039642256521],[1264622039642256531],', '文件列表', 'sys_file_mgr_sys_file_list', '2', NULL, NULL, NULL, 'sysFileInfo:list', 'system', '0', 'Y', NULL, NULL, '1', '100', NULL, '0', TO_DATE('2020-06-24 17:35:49', 'SYYYY-MM-DD HH24:MI:SS'), '1265476890672672808', NULL, NULL);
INSERT INTO "SYS_MENU" VALUES ('1264622039642256561', '1264622039642256531', '[0],[1264622039642256521],[1264622039642256531],', '文件删除', 'sys_file_mgr_sys_file_delete', '2', NULL, NULL, NULL, 'sysFileInfo:delete', 'system', '0', 'Y', NULL, NULL, '1', '100', NULL, '0', TO_DATE('2020-06-24 17:36:11', 'SYYYY-MM-DD HH24:MI:SS'), '1265476890672672808', NULL, NULL);
INSERT INTO "SYS_MENU" VALUES ('1264622039642256571', '1264622039642256531', '[0],[1264622039642256521],[1264622039642256531],', '文件详情', 'sys_file_mgr_sys_file_detail', '2', NULL, NULL, NULL, 'sysFileInfo:detail', 'system', '0', 'Y', NULL, NULL, '1', '100', NULL, '0', TO_DATE('2020-06-24 17:36:01', 'SYYYY-MM-DD HH24:MI:SS'), '1265476890672672808', NULL, NULL);
INSERT INTO "SYS_MENU" VALUES ('1264622039642256581', '1264622039642256531', '[0],[1264622039642256521],[1264622039642256531],', '文件上传', 'sys_file_mgr_sys_file_upload', '2', NULL, NULL, NULL, 'sysFileInfo:upload', 'system', '0', 'Y', NULL, NULL, '1', '100', NULL, '0', TO_DATE('2020-06-24 17:34:29', 'SYYYY-MM-DD HH24:MI:SS'), '1265476890672672808', NULL, NULL);
INSERT INTO "SYS_MENU" VALUES ('1264622039642256591', '1264622039642256531', '[0],[1264622039642256521],[1264622039642256531],', '文件下载', 'sys_file_mgr_sys_file_download', '2', NULL, NULL, NULL, 'sysFileInfo:download', 'system', '0', 'Y', NULL, NULL, '1', '100', NULL, '0', TO_DATE('2020-06-24 17:34:55', 'SYYYY-MM-DD HH24:MI:SS'), '1265476890672672808', NULL, NULL);
INSERT INTO "SYS_MENU" VALUES ('1264622039642256601', '1264622039642256531', '[0],[1264622039642256521],[1264622039642256531],', '图片预览', 'sys_file_mgr_sys_file_preview', '2', NULL, NULL, NULL, 'sysFileInfo:preview', 'system', '0', 'Y', NULL, NULL, '1', '100', NULL, '0', TO_DATE('2020-06-24 17:35:19', 'SYYYY-MM-DD HH24:MI:SS'), '1265476890672672808', NULL, NULL);
INSERT INTO "SYS_MENU" VALUES ('1264622039642256611', '0', '[0],', '定时任务', 'sys_timers', '0', 'dashboard', '/timers', 'PageView', NULL, 'system', '1', 'Y', NULL, NULL, '1', '100', NULL, '0', TO_DATE('2020-07-01 17:17:20', 'SYYYY-MM-DD HH24:MI:SS'), '1265476890672672808', NULL, NULL);
INSERT INTO "SYS_MENU" VALUES ('1264622039642256621', '1264622039642256611', '[0],[1264622039642256611],', '任务管理', 'sys_timers_mgr', '1', NULL, '/timers', 'system/timers/index', NULL, 'system', '1', 'Y', NULL, NULL, '1', '22', NULL, '0', TO_DATE('2020-07-01 17:18:53', 'SYYYY-MM-DD HH24:MI:SS'), '1265476890672672808', NULL, NULL);
INSERT INTO "SYS_MENU" VALUES ('1264622039642256631', '1264622039642256621', '[0],[1264622039642256611],[1264622039642256621],', '定时任务查询', 'sys_timers_mgr_page', '2', NULL, NULL, NULL, 'sysTimers:page', 'system', '0', 'Y', NULL, NULL, '1', '100', NULL, '0', TO_DATE('2020-07-01 17:19:43', 'SYYYY-MM-DD HH24:MI:SS'), '1265476890672672808', NULL, NULL);
INSERT INTO "SYS_MENU" VALUES ('1264622039642256641', '1264622039642256621', '[0],[1264622039642256611],[1264622039642256621],', '定时任务列表', 'sys_timers_mgr_list', '2', NULL, NULL, NULL, 'sysTimers:list', 'system', '0', 'Y', NULL, NULL, '1', '100', NULL, '0', TO_DATE('2020-07-01 17:19:56', 'SYYYY-MM-DD HH24:MI:SS'), '1265476890672672808', NULL, NULL);
INSERT INTO "SYS_MENU" VALUES ('1264622039642256651', '1264622039642256621', '[0],[1264622039642256611],[1264622039642256621],', '定时任务详情', 'sys_timers_mgr_detail', '2', NULL, NULL, NULL, 'sysTimers:detail', 'system', '0', 'Y', NULL, NULL, '1', '100', NULL, '0', TO_DATE('2020-07-01 17:20:10', 'SYYYY-MM-DD HH24:MI:SS'), '1265476890672672808', NULL, NULL);
INSERT INTO "SYS_MENU" VALUES ('1264622039642256661', '1264622039642256621', '[0],[1264622039642256611],[1264622039642256621],', '定时任务增加', 'sys_timers_mgr_add', '2', NULL, NULL, NULL, 'sysTimers:add', 'system', '0', 'Y', NULL, NULL, '1', '100', NULL, '0', TO_DATE('2020-07-01 17:20:23', 'SYYYY-MM-DD HH24:MI:SS'), '1265476890672672808', NULL, NULL);
INSERT INTO "SYS_MENU" VALUES ('1264622039642256671', '1264622039642256621', '[0],[1264622039642256611],[1264622039642256621],', '定时任务删除', 'sys_timers_mgr_delete', '2', NULL, NULL, NULL, 'sysTimers:delete', 'system', '0', 'Y', NULL, NULL, '1', '100', NULL, '0', TO_DATE('2020-07-01 17:20:33', 'SYYYY-MM-DD HH24:MI:SS'), '1265476890672672808', NULL, NULL);
INSERT INTO "SYS_MENU" VALUES ('1264622039642256681', '1264622039642256621', '[0],[1264622039642256611],[1264622039642256621],', '定时任务编辑', 'sys_timers_mgr_edit', '2', NULL, NULL, NULL, 'sysTimers:edit', 'system', '0', 'Y', NULL, NULL, '1', '100', NULL, '0', TO_DATE('2020-07-01 17:20:43', 'SYYYY-MM-DD HH24:MI:SS'), '1265476890672672808', NULL, NULL);
INSERT INTO "SYS_MENU" VALUES ('1264622039642256691', '1264622039642256621', '[0],[1264622039642256611],[1264622039642256621],', '定时任务可执行列表', 'sys_timers_mgr_get_action_classes', '2', NULL, NULL, NULL, 'sysTimers:getActionClasses', 'system', '0', 'Y', NULL, NULL, '1', '100', NULL, '0', TO_DATE('2020-07-01 17:22:16', 'SYYYY-MM-DD HH24:MI:SS'), '1265476890672672808', NULL, NULL);
INSERT INTO "SYS_MENU" VALUES ('1264622039642256701', '1264622039642256621', '[0],[1264622039642256611],[1264622039642256621],', '定时任务启动', 'sys_timers_mgr_start', '2', NULL, NULL, NULL, 'sysTimers:start', 'system', '0', 'Y', NULL, NULL, '1', '100', NULL, '0', TO_DATE('2020-07-01 17:22:32', 'SYYYY-MM-DD HH24:MI:SS'), '1265476890672672808', NULL, NULL);
INSERT INTO "SYS_MENU" VALUES ('1264622039642256711', '1264622039642256621', '[0],[1264622039642256611],[1264622039642256621],', '定时任务关闭', 'sys_timers_mgr_stop', '2', NULL, NULL, NULL, 'sysTimers:stop', 'system', '0', 'Y', NULL, NULL, '1', '100', NULL, '0', TO_DATE('2020-07-01 17:22:43', 'SYYYY-MM-DD HH24:MI:SS'), '1265476890672672808', NULL, NULL);
INSERT INTO "SYS_MENU" VALUES ('1342445437296771074', '0', '[0],', '代码生成', 'code_gen', '1', 'thunderbolt', '/codeGenerate/index', 'gen/codeGenerate/index', '', 'system_tool', '1', 'Y', NULL, '', '1', '100', '代码生成', '0', TO_DATE('2020-12-25 20:21:48', 'SYYYY-MM-DD HH24:MI:SS'), '1265476890672672808', NULL, NULL);
COMMIT;

-- ----------------------------
-- Table structure for sys_notice
-- ----------------------------
CREATE TABLE "SYS_NOTICE" (
  "ID" NUMBER(20) NOT NULL ,
  "TITLE" NVARCHAR2(1000) ,
  "CONTENT" NCLOB ,
  "TYPE" NUMBER(4) NOT NULL ,
  "PUBLIC_USER_ID" NUMBER(20) NOT NULL ,
  "PUBLIC_USER_NAME" NVARCHAR2(100) NOT NULL ,
  "PUBLIC_ORG_ID" NUMBER(20) ,
  "PUBLIC_ORG_NAME" NVARCHAR2(50) ,
  "PUBLIC_TIME" DATE ,
  "CANCEL_TIME" DATE ,
  "STATUS" NUMBER(4) NOT NULL ,
  "CREATE_TIME" DATE ,
  "CREATE_USER" NUMBER(20) ,
  "UPDATE_TIME" DATE ,
  "UPDATE_USER" NUMBER(20)
)
;
COMMENT ON COLUMN "SYS_NOTICE"."ID" IS '主键';
COMMENT ON COLUMN "SYS_NOTICE"."TITLE" IS '标题';
COMMENT ON COLUMN "SYS_NOTICE"."CONTENT" IS '内容';
COMMENT ON COLUMN "SYS_NOTICE"."TYPE" IS '类型（字典 1通知 2公告）';
COMMENT ON COLUMN "SYS_NOTICE"."PUBLIC_USER_ID" IS '发布人id';
COMMENT ON COLUMN "SYS_NOTICE"."PUBLIC_USER_NAME" IS '发布人姓名';
COMMENT ON COLUMN "SYS_NOTICE"."PUBLIC_ORG_ID" IS '发布机构id';
COMMENT ON COLUMN "SYS_NOTICE"."PUBLIC_ORG_NAME" IS '发布机构名称';
COMMENT ON COLUMN "SYS_NOTICE"."PUBLIC_TIME" IS '发布时间';
COMMENT ON COLUMN "SYS_NOTICE"."CANCEL_TIME" IS '撤回时间';
COMMENT ON COLUMN "SYS_NOTICE"."STATUS" IS '状态（字典 0草稿 1发布 2撤回 3删除）';
COMMENT ON COLUMN "SYS_NOTICE"."CREATE_TIME" IS '创建时间';
COMMENT ON COLUMN "SYS_NOTICE"."CREATE_USER" IS '创建人';
COMMENT ON COLUMN "SYS_NOTICE"."UPDATE_TIME" IS '修改时间';
COMMENT ON COLUMN "SYS_NOTICE"."UPDATE_USER" IS '修改人';
COMMENT ON TABLE "SYS_NOTICE" IS '通知表';

-- ----------------------------
-- Records of sys_notice
-- ----------------------------
INSERT INTO "SYS_NOTICE" VALUES ('1304960081456066561', 'qqqq', 'qqqqqq<p></p>', '1', '1265476890672672808', '超级管理员', NULL, NULL, TO_DATE('2020-09-13 09:48:23', 'SYYYY-MM-DD HH24:MI:SS'), TO_DATE('2020-09-13 09:52:26', 'SYYYY-MM-DD HH24:MI:SS'), '3', TO_DATE('2020-09-13 09:48:23', 'SYYYY-MM-DD HH24:MI:SS'), '1265476890672672808', TO_DATE('2020-09-13 09:52:27', 'SYYYY-MM-DD HH24:MI:SS'), '1280700700074041345');
INSERT INTO "SYS_NOTICE" VALUES ('1304960124862918657', '123123123', '<p>23123123123123</p>', '2', '1265476890672672808', '超级管理员', NULL, NULL, TO_DATE('2020-09-13 09:48:33', 'SYYYY-MM-DD HH24:MI:SS'), TO_DATE('2020-09-13 09:52:28', 'SYYYY-MM-DD HH24:MI:SS'), '3', TO_DATE('2020-09-13 09:48:33', 'SYYYY-MM-DD HH24:MI:SS'), '1265476890672672808', TO_DATE('2020-09-13 09:52:40', 'SYYYY-MM-DD HH24:MI:SS'), '1280700700074041345');
INSERT INTO "SYS_NOTICE" VALUES ('1304961721068220417', '南方的冬天', '<p><img src="https://timgsa.baidu.com/timg?image&amp;quality=80&amp;size=b9999_10000&amp;sec=1599972071688&amp;di=9d692807717018e9f36dc209b8f2a290&amp;imgtype=0&amp;src=http%3A%2F%2Fimg1.imgtn.bdimg.com%2Fit%2Fu%3D3178869736%2C1430240761%26fm%3D214%26gp%3D0.jpg">&nbsp;&nbsp;<br></p>', '1', '1280700700074041345', '老俞', '1265476890672672771', '研发部', TO_DATE('2020-09-13 09:54:54', 'SYYYY-MM-DD HH24:MI:SS'), NULL, '1', TO_DATE('2020-09-13 09:54:54', 'SYYYY-MM-DD HH24:MI:SS'), '1280700700074041345', NULL, NULL);
INSERT INTO "SYS_NOTICE" VALUES ('1304964964817104898', '南方的冬天', '<div style="text-align: center;"><img src="https://timgsa.baidu.com/timg?image&amp;quality=80&amp;size=b9999_10000&amp;sec=1599972936240&amp;di=0c65610a70a7f8de26e84f51da77604f&amp;imgtype=0&amp;src=http%3A%2F%2Fimg1.imgtn.bdimg.com%2Fit%2Fu%3D3178869736%2C1430240761%26fm%3D214%26gp%3D0.jpg">&nbsp;&nbsp;<br></div><p></p>', '1', '1265476890672672808', '超级管理员', NULL, NULL, TO_DATE('2020-09-13 10:07:47', 'SYYYY-MM-DD HH24:MI:SS'), NULL, '1', TO_DATE('2020-09-13 10:07:47', 'SYYYY-MM-DD HH24:MI:SS'), '1265476890672672808', NULL, NULL);
COMMIT;

-- ----------------------------
-- Table structure for sys_notice_user
-- ----------------------------
CREATE TABLE "SYS_NOTICE_USER" (
  "ID" NUMBER(20) NOT NULL ,
  "NOTICE_ID" NUMBER(20) NOT NULL ,
  "USER_ID" NUMBER(20) NOT NULL ,
  "STATUS" NUMBER(4) NOT NULL ,
  "READ_TIME" DATE
)
;
COMMENT ON COLUMN "SYS_NOTICE_USER"."ID" IS '主键';
COMMENT ON COLUMN "SYS_NOTICE_USER"."NOTICE_ID" IS '通知公告id';
COMMENT ON COLUMN "SYS_NOTICE_USER"."USER_ID" IS '用户id';
COMMENT ON COLUMN "SYS_NOTICE_USER"."STATUS" IS '状态（字典 0未读 1已读）';
COMMENT ON COLUMN "SYS_NOTICE_USER"."READ_TIME" IS '阅读时间';
COMMENT ON TABLE "SYS_NOTICE_USER" IS '系统用户数据范围表';

-- ----------------------------
-- Table structure for sys_oauth_user
-- ----------------------------
CREATE TABLE "SYS_OAUTH_USER" (
  "ID" NUMBER(20) NOT NULL ,
  "UUID" NVARCHAR2(255) NOT NULL ,
  "ACCESS_TOKEN" NVARCHAR2(255) ,
  "NICK_NAME" NVARCHAR2(255) ,
  "AVATAR" NVARCHAR2(500) ,
  "BLOG" NVARCHAR2(255) ,
  "COMPANY" NVARCHAR2(255) ,
  "LOCATION" NVARCHAR2(255) ,
  "EMAIL" NVARCHAR2(255) ,
  "GENDER" NVARCHAR2(50) ,
  "SOURCE" NVARCHAR2(255) ,
  "REMARK" NVARCHAR2(255) ,
  "CREATE_TIME" DATE ,
  "CREATE_USER" NUMBER(20) ,
  "UPDATE_TIME" DATE ,
  "UPDATE_USER" NUMBER(20)
)
;
COMMENT ON COLUMN "SYS_OAUTH_USER"."ID" IS '主键';
COMMENT ON COLUMN "SYS_OAUTH_USER"."UUID" IS '第三方平台的用户唯一id';
COMMENT ON COLUMN "SYS_OAUTH_USER"."ACCESS_TOKEN" IS '用户授权的token';
COMMENT ON COLUMN "SYS_OAUTH_USER"."NICK_NAME" IS '昵称';
COMMENT ON COLUMN "SYS_OAUTH_USER"."AVATAR" IS '头像';
COMMENT ON COLUMN "SYS_OAUTH_USER"."BLOG" IS '用户网址';
COMMENT ON COLUMN "SYS_OAUTH_USER"."COMPANY" IS '所在公司';
COMMENT ON COLUMN "SYS_OAUTH_USER"."LOCATION" IS '位置';
COMMENT ON COLUMN "SYS_OAUTH_USER"."EMAIL" IS '邮箱';
COMMENT ON COLUMN "SYS_OAUTH_USER"."GENDER" IS '性别';
COMMENT ON COLUMN "SYS_OAUTH_USER"."SOURCE" IS '用户来源';
COMMENT ON COLUMN "SYS_OAUTH_USER"."REMARK" IS '用户备注（各平台中的用户个人介绍）';
COMMENT ON COLUMN "SYS_OAUTH_USER"."CREATE_TIME" IS '创建时间';
COMMENT ON COLUMN "SYS_OAUTH_USER"."CREATE_USER" IS '创建用户';
COMMENT ON COLUMN "SYS_OAUTH_USER"."UPDATE_TIME" IS '更新时间';
COMMENT ON COLUMN "SYS_OAUTH_USER"."UPDATE_USER" IS '更新用户';
COMMENT ON TABLE "SYS_OAUTH_USER" IS '第三方认证用户信息表';

-- ----------------------------
-- Table structure for sys_op_log
-- ----------------------------
CREATE TABLE "SYS_OP_LOG" (
  "ID" NUMBER(20) NOT NULL ,
  "NAME" NVARCHAR2(50) ,
  "OP_TYPE" NUMBER(4) ,
  "SUCCESS" NCHAR(1) ,
  "MESSAGE" NCLOB ,
  "IP" NVARCHAR2(255) ,
  "LOCATION" NVARCHAR2(255) ,
  "BROWSER" NVARCHAR2(255) ,
  "OS" NVARCHAR2(255) ,
  "URL" NVARCHAR2(500) ,
  "CLASS_NAME" NVARCHAR2(500) ,
  "METHOD_NAME" NVARCHAR2(500) ,
  "REQ_METHOD" NVARCHAR2(255) ,
  "PARAM" NCLOB ,
  "RESULT" NCLOB ,
  "OP_TIME" DATE ,
  "ACCOUNT" NVARCHAR2(50)
)
;
COMMENT ON COLUMN "SYS_OP_LOG"."ID" IS '主键';
COMMENT ON COLUMN "SYS_OP_LOG"."NAME" IS '名称';
COMMENT ON COLUMN "SYS_OP_LOG"."OP_TYPE" IS '操作类型';
COMMENT ON COLUMN "SYS_OP_LOG"."SUCCESS" IS '是否执行成功（Y-是，N-否）';
COMMENT ON COLUMN "SYS_OP_LOG"."MESSAGE" IS '具体消息';
COMMENT ON COLUMN "SYS_OP_LOG"."IP" IS 'ip';
COMMENT ON COLUMN "SYS_OP_LOG"."LOCATION" IS '地址';
COMMENT ON COLUMN "SYS_OP_LOG"."BROWSER" IS '浏览器';
COMMENT ON COLUMN "SYS_OP_LOG"."OS" IS '操作系统';
COMMENT ON COLUMN "SYS_OP_LOG"."URL" IS '请求地址';
COMMENT ON COLUMN "SYS_OP_LOG"."CLASS_NAME" IS '类名称';
COMMENT ON COLUMN "SYS_OP_LOG"."METHOD_NAME" IS '方法名称';
COMMENT ON COLUMN "SYS_OP_LOG"."REQ_METHOD" IS '请求方式（GET POST PUT DELETE)';
COMMENT ON COLUMN "SYS_OP_LOG"."PARAM" IS '请求参数';
COMMENT ON COLUMN "SYS_OP_LOG"."RESULT" IS '返回结果';
COMMENT ON COLUMN "SYS_OP_LOG"."OP_TIME" IS '操作时间';
COMMENT ON COLUMN "SYS_OP_LOG"."ACCOUNT" IS '操作账号';
COMMENT ON TABLE "SYS_OP_LOG" IS '系统操作日志表';

-- ----------------------------
-- Records of sys_op_log
-- ----------------------------
INSERT INTO "SYS_OP_LOG" VALUES ('1342446223284174850', '操作日志_清空', '12', 'Y', '成功', '127.0.0.1', '-', 'Chrome', 'Windows 10 or Windows Server 2016', '/sysOpLog/delete', 'com.cn.xiaonuo.sys.modular.log.controller.SysLogController', 'opLogDelete', 'POST', '', '{"code":200,"message":"请求成功","success":true}', TO_DATE('2020-12-25 20:24:56', 'SYYYY-MM-DD HH24:MI:SS'), 'superAdmin');
COMMIT;

-- ----------------------------
-- Table structure for sys_org
-- ----------------------------
CREATE TABLE "SYS_ORG" (
  "ID" NUMBER(20) NOT NULL ,
  "PID" NUMBER(20) NOT NULL ,
  "PIDS" NCLOB NOT NULL ,
  "NAME" NVARCHAR2(100) NOT NULL ,
  "CODE" NVARCHAR2(50) NOT NULL ,
  "SORT" NUMBER(11) NOT NULL ,
  "REMARK" NVARCHAR2(255) ,
  "STATUS" NUMBER(4) NOT NULL ,
  "CREATE_TIME" DATE ,
  "CREATE_USER" NUMBER(20) ,
  "UPDATE_TIME" DATE ,
  "UPDATE_USER" NUMBER(20)
)
;
COMMENT ON COLUMN "SYS_ORG"."ID" IS '主键';
COMMENT ON COLUMN "SYS_ORG"."PID" IS '父id';
COMMENT ON COLUMN "SYS_ORG"."PIDS" IS '父ids';
COMMENT ON COLUMN "SYS_ORG"."NAME" IS '名称';
COMMENT ON COLUMN "SYS_ORG"."CODE" IS '编码';
COMMENT ON COLUMN "SYS_ORG"."SORT" IS '排序';
COMMENT ON COLUMN "SYS_ORG"."REMARK" IS '描述';
COMMENT ON COLUMN "SYS_ORG"."STATUS" IS '状态（字典 0正常 1停用 2删除）';
COMMENT ON COLUMN "SYS_ORG"."CREATE_TIME" IS '创建时间';
COMMENT ON COLUMN "SYS_ORG"."CREATE_USER" IS '创建人';
COMMENT ON COLUMN "SYS_ORG"."UPDATE_TIME" IS '更新时间';
COMMENT ON COLUMN "SYS_ORG"."UPDATE_USER" IS '更新人';
COMMENT ON TABLE "SYS_ORG" IS '系统组织机构表';

-- ----------------------------
-- Records of sys_org
-- ----------------------------
INSERT INTO "SYS_ORG" VALUES ('1265476890651701250', '0', '[0],', '华夏集团', 'hxjt', '100', '华夏集团总公司', '0', TO_DATE('2020-03-26 16:50:53', 'SYYYY-MM-DD HH24:MI:SS'), '1265476890672672808', NULL, NULL);
INSERT INTO "SYS_ORG" VALUES ('1265476890672672769', '1265476890651701250', '[0],[1265476890651701250],', '华夏集团北京分公司', 'hxjt_bj', '100', '华夏集团北京分公司', '0', TO_DATE('2020-03-26 16:55:42', 'SYYYY-MM-DD HH24:MI:SS'), '1265476890672672808', NULL, NULL);
INSERT INTO "SYS_ORG" VALUES ('1265476890672672770', '1265476890651701250', '[0],[1265476890651701250],', '华夏集团成都分公司', 'hxjt_cd', '100', '华夏集团成都分公司', '0', TO_DATE('2020-03-26 16:56:02', 'SYYYY-MM-DD HH24:MI:SS'), '1265476890672672808', NULL, NULL);
INSERT INTO "SYS_ORG" VALUES ('1265476890672672771', '1265476890672672769', '[0],[1265476890651701250],[1265476890672672769],', '研发部', 'hxjt_bj_yfb', '100', '华夏集团北京分公司研发部', '0', TO_DATE('2020-03-26 16:56:36', 'SYYYY-MM-DD HH24:MI:SS'), '1265476890672672808', NULL, NULL);
INSERT INTO "SYS_ORG" VALUES ('1265476890672672772', '1265476890672672769', '[0],[1265476890651701250],[1265476890672672769],', '企划部', 'hxjt_bj_qhb', '100', '华夏集团北京分公司企划部', '0', TO_DATE('2020-03-26 16:57:06', 'SYYYY-MM-DD HH24:MI:SS'), '1265476890672672808', NULL, NULL);
INSERT INTO "SYS_ORG" VALUES ('1265476890672672773', '1265476890672672770', '[0],[1265476890651701250],[1265476890672672770],', '市场部', 'hxjt_cd_scb', '100', '华夏集团成都分公司市场部', '0', TO_DATE('2020-03-26 16:57:35', 'SYYYY-MM-DD HH24:MI:SS'), '1265476890672672808', NULL, NULL);
INSERT INTO "SYS_ORG" VALUES ('1265476890672672774', '1265476890672672770', '[0],[1265476890651701250],[1265476890672672770],', '财务部', 'hxjt_cd_cwb', '100', '华夏集团成都分公司财务部', '0', TO_DATE('2020-03-26 16:58:01', 'SYYYY-MM-DD HH24:MI:SS'), '1265476890672672808', NULL, NULL);
INSERT INTO "SYS_ORG" VALUES ('1265476890672672775', '1265476890672672773', '[0],[1265476890651701250],[1265476890672672770],[1265476890672672773],', '市场部二部', 'hxjt_cd_scb_2b', '100', '华夏集团成都分公司市场部二部', '0', TO_DATE('2020-04-06 15:36:50', 'SYYYY-MM-DD HH24:MI:SS'), '1265476890672672808', NULL, NULL);
COMMIT;

-- ----------------------------
-- Table structure for sys_pos
-- ----------------------------
CREATE TABLE "SYS_POS" (
  "ID" NUMBER(20) NOT NULL ,
  "NAME" NVARCHAR2(100) NOT NULL ,
  "CODE" NVARCHAR2(50) NOT NULL ,
  "SORT" NUMBER(11) NOT NULL ,
  "REMARK" NVARCHAR2(255) ,
  "STATUS" NUMBER(4) NOT NULL ,
  "CREATE_TIME" DATE ,
  "CREATE_USER" NUMBER(20) ,
  "UPDATE_TIME" DATE ,
  "UPDATE_USER" NUMBER(20)
)
;
COMMENT ON COLUMN "SYS_POS"."ID" IS '主键';
COMMENT ON COLUMN "SYS_POS"."NAME" IS '名称';
COMMENT ON COLUMN "SYS_POS"."CODE" IS '编码';
COMMENT ON COLUMN "SYS_POS"."SORT" IS '排序';
COMMENT ON COLUMN "SYS_POS"."REMARK" IS '备注';
COMMENT ON COLUMN "SYS_POS"."STATUS" IS '状态（字典 0正常 1停用 2删除）';
COMMENT ON COLUMN "SYS_POS"."CREATE_TIME" IS '创建时间';
COMMENT ON COLUMN "SYS_POS"."CREATE_USER" IS '创建人';
COMMENT ON COLUMN "SYS_POS"."UPDATE_TIME" IS '更新时间';
COMMENT ON COLUMN "SYS_POS"."UPDATE_USER" IS '更新人';
COMMENT ON TABLE "SYS_POS" IS '系统职位表';

-- ----------------------------
-- Records of sys_pos
-- ----------------------------
INSERT INTO "SYS_POS" VALUES ('1265476890672672787', '总经理', 'zjl', '100', '总经理职位', '0', TO_DATE('2020-03-26 19:28:54', 'SYYYY-MM-DD HH24:MI:SS'), '1265476890672672808', TO_DATE('2020-06-02 21:01:04', 'SYYYY-MM-DD HH24:MI:SS'), '1265476890672672808');
INSERT INTO "SYS_POS" VALUES ('1265476890672672788', '副总经理', 'fzjl', '100', '副总经理职位', '0', TO_DATE('2020-03-26 19:29:57', 'SYYYY-MM-DD HH24:MI:SS'), '1265476890672672808', NULL, NULL);
INSERT INTO "SYS_POS" VALUES ('1265476890672672789', '部门经理', 'bmjl', '100', '部门经理职位', '0', TO_DATE('2020-03-26 19:31:49', 'SYYYY-MM-DD HH24:MI:SS'), '1265476890672672808', NULL, NULL);
INSERT INTO "SYS_POS" VALUES ('1265476890672672790', '工作人员', 'gzry', '100', '工作人员职位', '0', TO_DATE('2020-05-27 11:32:00', 'SYYYY-MM-DD HH24:MI:SS'), '1265476890672672808', TO_DATE('2020-06-01 10:51:35', 'SYYYY-MM-DD HH24:MI:SS'), '1265476890672672808');
COMMIT;

-- ----------------------------
-- Table structure for sys_role
-- ----------------------------
CREATE TABLE "SYS_ROLE" (
  "ID" NUMBER(20) NOT NULL ,
  "NAME" NVARCHAR2(100) NOT NULL ,
  "CODE" NVARCHAR2(50) NOT NULL ,
  "SORT" NUMBER(11) NOT NULL ,
  "DATA_SCOPE_TYPE" NUMBER(4) NOT NULL ,
  "REMARK" NVARCHAR2(255) ,
  "STATUS" NUMBER(4) NOT NULL ,
  "CREATE_TIME" DATE ,
  "CREATE_USER" NUMBER(20) ,
  "UPDATE_TIME" DATE ,
  "UPDATE_USER" NUMBER(20)
)
;
COMMENT ON COLUMN "SYS_ROLE"."ID" IS '主键id';
COMMENT ON COLUMN "SYS_ROLE"."NAME" IS '名称';
COMMENT ON COLUMN "SYS_ROLE"."CODE" IS '编码';
COMMENT ON COLUMN "SYS_ROLE"."SORT" IS '序号';
COMMENT ON COLUMN "SYS_ROLE"."DATA_SCOPE_TYPE" IS '数据范围类型（字典 1全部数据 2本部门及以下数据 3本部门数据 4仅本人数据 5自定义数据）';
COMMENT ON COLUMN "SYS_ROLE"."REMARK" IS '备注';
COMMENT ON COLUMN "SYS_ROLE"."STATUS" IS '状态（字典 0正常 1停用 2删除）';
COMMENT ON COLUMN "SYS_ROLE"."CREATE_TIME" IS '创建时间';
COMMENT ON COLUMN "SYS_ROLE"."CREATE_USER" IS '创建人';
COMMENT ON COLUMN "SYS_ROLE"."UPDATE_TIME" IS '更新时间';
COMMENT ON COLUMN "SYS_ROLE"."UPDATE_USER" IS '更新人';
COMMENT ON TABLE "SYS_ROLE" IS '系统角色表';

-- ----------------------------
-- Records of sys_role
-- ----------------------------
INSERT INTO "SYS_ROLE" VALUES ('1265476890672672817', '组织架构管理员', 'ent_manager_role', '100', '1', '组织架构管理员', '0', TO_DATE('2020-04-02 19:27:26', 'SYYYY-MM-DD HH24:MI:SS'), '1265476890672672808', TO_DATE('2020-09-12 15:54:07', 'SYYYY-MM-DD HH24:MI:SS'), '1265476890672672808');
INSERT INTO "SYS_ROLE" VALUES ('1265476890672672818', '权限管理员', 'auth_role', '101', '5', '权限管理员', '0', TO_DATE('2020-04-02 19:28:40', 'SYYYY-MM-DD HH24:MI:SS'), '1265476890672672808', TO_DATE('2020-07-16 10:52:21', 'SYYYY-MM-DD HH24:MI:SS'), '1265476890672672808');
COMMIT;

-- ----------------------------
-- Table structure for sys_role_data_scope
-- ----------------------------
CREATE TABLE "SYS_ROLE_DATA_SCOPE" (
  "ID" NUMBER(20) NOT NULL ,
  "ROLE_ID" NUMBER(20) NOT NULL ,
  "ORG_ID" NUMBER(20) NOT NULL
)
;
COMMENT ON COLUMN "SYS_ROLE_DATA_SCOPE"."ID" IS '主键';
COMMENT ON COLUMN "SYS_ROLE_DATA_SCOPE"."ROLE_ID" IS '角色id';
COMMENT ON COLUMN "SYS_ROLE_DATA_SCOPE"."ORG_ID" IS '机构id';
COMMENT ON TABLE "SYS_ROLE_DATA_SCOPE" IS '系统角色数据范围表';

-- ----------------------------
-- Records of sys_role_data_scope
-- ----------------------------
INSERT INTO "SYS_ROLE_DATA_SCOPE" VALUES ('1277435908822102018', '1265476890672672818', '1265476890651701250');
INSERT INTO "SYS_ROLE_DATA_SCOPE" VALUES ('1277435909635796993', '1265476890672672818', '1265476890672672769');
INSERT INTO "SYS_ROLE_DATA_SCOPE" VALUES ('1277435910432714754', '1265476890672672818', '1265476890672672771');
INSERT INTO "SYS_ROLE_DATA_SCOPE" VALUES ('1277435911233826818', '1265476890672672818', '1265476890672672772');
INSERT INTO "SYS_ROLE_DATA_SCOPE" VALUES ('1277435912018161666', '1265476890672672818', '1265476890672672770');
INSERT INTO "SYS_ROLE_DATA_SCOPE" VALUES ('1277435912810885122', '1265476890672672818', '1265476890672672773');
INSERT INTO "SYS_ROLE_DATA_SCOPE" VALUES ('1277435913595219970', '1265476890672672818', '1265476890672672775');
INSERT INTO "SYS_ROLE_DATA_SCOPE" VALUES ('1277435914392137730', '1265476890672672818', '1265476890672672774');
INSERT INTO "SYS_ROLE_DATA_SCOPE" VALUES ('1292060127645429762', '1265476890672672819', '1265476890672672774');
COMMIT;

-- ----------------------------
-- Table structure for sys_role_menu
-- ----------------------------
CREATE TABLE "SYS_ROLE_MENU" (
  "ID" NUMBER(20) NOT NULL ,
  "ROLE_ID" NUMBER(20) NOT NULL ,
  "MENU_ID" NUMBER(20) NOT NULL
)
;
COMMENT ON COLUMN "SYS_ROLE_MENU"."ID" IS '主键';
COMMENT ON COLUMN "SYS_ROLE_MENU"."ROLE_ID" IS '角色id';
COMMENT ON COLUMN "SYS_ROLE_MENU"."MENU_ID" IS '菜单id';
COMMENT ON TABLE "SYS_ROLE_MENU" IS '系统角色菜单表';

-- ----------------------------
-- Records of sys_role_menu
-- ----------------------------
INSERT INTO "SYS_ROLE_MENU" VALUES ('1304366872187256834', '1265476890672672818', '1264622039642255671');
INSERT INTO "SYS_ROLE_MENU" VALUES ('1304366872602492929', '1265476890672672818', '1264622039642255681');
INSERT INTO "SYS_ROLE_MENU" VALUES ('1304366873026117634', '1265476890672672818', '1264622039642255761');
INSERT INTO "SYS_ROLE_MENU" VALUES ('1304366873449742337', '1265476890672672818', '1264622039642255851');
INSERT INTO "SYS_ROLE_MENU" VALUES ('1304366873864978433', '1265476890672672818', '1264622039642255691');
INSERT INTO "SYS_ROLE_MENU" VALUES ('1304366874284408834', '1265476890672672818', '1264622039642255701');
INSERT INTO "SYS_ROLE_MENU" VALUES ('1304366874703839233', '1265476890672672818', '1264622039642255711');
INSERT INTO "SYS_ROLE_MENU" VALUES ('1304366875119075330', '1265476890672672818', '1264622039642255721');
INSERT INTO "SYS_ROLE_MENU" VALUES ('1304366875538505730', '1265476890672672818', '1264622039642255731');
INSERT INTO "SYS_ROLE_MENU" VALUES ('1304366875962130433', '1265476890672672818', '1264622039642255741');
INSERT INTO "SYS_ROLE_MENU" VALUES ('1304366876377366529', '1265476890672672818', '1264622039642255751');
INSERT INTO "SYS_ROLE_MENU" VALUES ('1304366876800991233', '1265476890672672818', '1264622039642255771');
INSERT INTO "SYS_ROLE_MENU" VALUES ('1304366877216227330', '1265476890672672818', '1264622039642255781');
INSERT INTO "SYS_ROLE_MENU" VALUES ('1304366877639852033', '1265476890672672818', '1264622039642255791');
INSERT INTO "SYS_ROLE_MENU" VALUES ('1304366878067671041', '1265476890672672818', '1264622039642255801');
INSERT INTO "SYS_ROLE_MENU" VALUES ('1304366878487101441', '1265476890672672818', '1264622039642255811');
INSERT INTO "SYS_ROLE_MENU" VALUES ('1304366878898143233', '1265476890672672818', '1264622039642255821');
INSERT INTO "SYS_ROLE_MENU" VALUES ('1304366879325962242', '1265476890672672818', '1264622039642255831');
INSERT INTO "SYS_ROLE_MENU" VALUES ('1304366879745392641', '1265476890672672818', '1264622039642255841');
INSERT INTO "SYS_ROLE_MENU" VALUES ('1304366880160628738', '1265476890672672818', '1264622039642255881');
INSERT INTO "SYS_ROLE_MENU" VALUES ('1304366880580059138', '1265476890672672818', '1264622039642255891');
INSERT INTO "SYS_ROLE_MENU" VALUES ('1304366880999489537', '1265476890672672818', '1264622039642255901');
INSERT INTO "SYS_ROLE_MENU" VALUES ('1304366881423114242', '1265476890672672818', '1264622039642255911');
INSERT INTO "SYS_ROLE_MENU" VALUES ('1304366881838350338', '1265476890672672818', '1264622039642255921');
INSERT INTO "SYS_ROLE_MENU" VALUES ('1304366882261975042', '1265476890672672818', '1264622039642255931');
INSERT INTO "SYS_ROLE_MENU" VALUES ('1304366882685599745', '1265476890672672818', '1264622039642255941');
INSERT INTO "SYS_ROLE_MENU" VALUES ('1304366883100835842', '1265476890672672818', '1264622039642255951');
INSERT INTO "SYS_ROLE_MENU" VALUES ('1304366883520266242', '1265476890672672818', '1264622039642255861');
INSERT INTO "SYS_ROLE_MENU" VALUES ('1304366883939696642', '1265476890672672818', '1264622039642255871');
INSERT INTO "SYS_ROLE_MENU" VALUES ('1304366884363321346', '1265476890672672818', '1264622039642257021');
INSERT INTO "SYS_ROLE_MENU" VALUES ('1304366884782751746', '1265476890672672818', '1264622039642257031');
INSERT INTO "SYS_ROLE_MENU" VALUES ('1304366885197987842', '1265476890672672818', '1264622039642256831');
INSERT INTO "SYS_ROLE_MENU" VALUES ('1304366885617418242', '1265476890672672818', '1264622039642257261');
INSERT INTO "SYS_ROLE_MENU" VALUES ('1304366886045237250', '1265476890672672818', '1264622039642257271');
INSERT INTO "SYS_ROLE_MENU" VALUES ('1304366886473056258', '1265476890672672818', '1264622039642257301');
INSERT INTO "SYS_ROLE_MENU" VALUES ('1304366886884098050', '1265476890672672818', '1264622039642257321');
INSERT INTO "SYS_ROLE_MENU" VALUES ('1304366887307722754', '1265476890672672818', '1264622039642257331');
INSERT INTO "SYS_ROLE_MENU" VALUES ('1304366887722958850', '1265476890672672818', '1264622039642257471');
INSERT INTO "SYS_ROLE_MENU" VALUES ('1304366888142389250', '1265476890672672818', '1264622039642257481');
INSERT INTO "SYS_ROLE_MENU" VALUES ('1304366888566013954', '1265476890672672818', '1264622039642257341');
INSERT INTO "SYS_ROLE_MENU" VALUES ('1304366888981250049', '1265476890672672818', '1264622039642257411');
INSERT INTO "SYS_ROLE_MENU" VALUES ('1304366889404874754', '1265476890672672818', '1264622039642257421');
INSERT INTO "SYS_ROLE_MENU" VALUES ('1304366889820110850', '1265476890672672818', '1264622039642257431');
INSERT INTO "SYS_ROLE_MENU" VALUES ('1304366890235346946', '1265476890672672818', '1264622039642257441');
INSERT INTO "SYS_ROLE_MENU" VALUES ('1304366890663165954', '1265476890672672818', '1264622039642257451');
INSERT INTO "SYS_ROLE_MENU" VALUES ('1304366891082596354', '1265476890672672818', '1264622039642257461');
INSERT INTO "SYS_ROLE_MENU" VALUES ('1304366891506221057', '1265476890672672818', '1264622039642257351');
INSERT INTO "SYS_ROLE_MENU" VALUES ('1304366891925651458', '1265476890672672818', '1264622039642257361');
INSERT INTO "SYS_ROLE_MENU" VALUES ('1304366892345081858', '1265476890672672818', '1264622039642257371');
INSERT INTO "SYS_ROLE_MENU" VALUES ('1304366892764512258', '1265476890672672818', '1264622039642257381');
INSERT INTO "SYS_ROLE_MENU" VALUES ('1304366893183942658', '1265476890672672818', '1264622039642257391');
INSERT INTO "SYS_ROLE_MENU" VALUES ('1304366893607567361', '1265476890672672818', '1264622039642257401');
INSERT INTO "SYS_ROLE_MENU" VALUES ('1304366894031192065', '1265476890672672818', '1264622039642257491');
INSERT INTO "SYS_ROLE_MENU" VALUES ('1304366894446428162', '1265476890672672818', '1264622039642257501');
INSERT INTO "SYS_ROLE_MENU" VALUES ('1304366894865858562', '1265476890672672818', '1264622039642257511');
INSERT INTO "SYS_ROLE_MENU" VALUES ('1304366895285288961', '1265476890672672818', '1264622039642255591');
INSERT INTO "SYS_ROLE_MENU" VALUES ('1304366895708913665', '1265476890672672818', '1264622039642257061');
INSERT INTO "SYS_ROLE_MENU" VALUES ('1304366896132538369', '1265476890672672818', '1264622039642257462');
INSERT INTO "SYS_ROLE_MENU" VALUES ('1304366896556163074', '1265476890672672818', '1264622039642256912');
INSERT INTO "SYS_ROLE_MENU" VALUES ('1304366896979787777', '1265476890672672818', '1264622039642255421');
INSERT INTO "SYS_ROLE_MENU" VALUES ('1304366897399218178', '1265476890672672818', '1264622039642257022');
INSERT INTO "SYS_ROLE_MENU" VALUES ('1304366897827037185', '1265476890672672818', '1264622039642256821');
INSERT INTO "SYS_ROLE_MENU" VALUES ('1304366898242273282', '1265476890672672818', '1264622039642257311');
INSERT INTO "SYS_ROLE_MENU" VALUES ('1304366898670092290', '1265476890672672818', '1264622039642257312');
INSERT INTO "SYS_ROLE_MENU" VALUES ('1304366899089522690', '1265476890672672818', '1264622039642257313');
INSERT INTO "SYS_ROLE_MENU" VALUES ('1304366899508953089', '1265476890672672818', '1264622039642257314');
INSERT INTO "SYS_ROLE_MENU" VALUES ('1304366899932577793', '1265476890672672818', '1264622039642257522');
INSERT INTO "SYS_ROLE_MENU" VALUES ('1304366900352008193', '1265476890672672818', '1264622039642257523');
INSERT INTO "SYS_ROLE_MENU" VALUES ('1304366900771438594', '1265476890672672818', '1264622039642257524');
INSERT INTO "SYS_ROLE_MENU" VALUES ('1304366901190868994', '1265476890672672818', '1264622039642257525');
INSERT INTO "SYS_ROLE_MENU" VALUES ('1304366901610299394', '1265476890672672818', '1264622039642257531');
INSERT INTO "SYS_ROLE_MENU" VALUES ('1304366902033924097', '1265476890672672818', '1264622039642257532');
INSERT INTO "SYS_ROLE_MENU" VALUES ('1307864929906434049', '1265476890672672817', '1264622039642255311');
INSERT INTO "SYS_ROLE_MENU" VALUES ('1307864930338447362', '1265476890672672817', '1264622039642255331');
INSERT INTO "SYS_ROLE_MENU" VALUES ('1307864930753683457', '1265476890672672817', '1264622039642255321');
INSERT INTO "SYS_ROLE_MENU" VALUES ('1307864931181502465', '1265476890672672817', '1264622039642255341');
INSERT INTO "SYS_ROLE_MENU" VALUES ('1307864931596738561', '1265476890672672817', '1264622039642255351');
INSERT INTO "SYS_ROLE_MENU" VALUES ('1307864932020363266', '1265476890672672817', '1264622039642255361');
INSERT INTO "SYS_ROLE_MENU" VALUES ('1307864932439793666', '1265476890672672817', '1264622039642255371');
INSERT INTO "SYS_ROLE_MENU" VALUES ('1307864932863418369', '1265476890672672817', '1264622039642255381');
INSERT INTO "SYS_ROLE_MENU" VALUES ('1307864933287043073', '1265476890672672817', '1264622039642255391');
INSERT INTO "SYS_ROLE_MENU" VALUES ('1307864933706473474', '1265476890672672817', '1264622039642255401');
INSERT INTO "SYS_ROLE_MENU" VALUES ('1307864934130098177', '1265476890672672817', '1264622039642255411');
INSERT INTO "SYS_ROLE_MENU" VALUES ('1307864934553722881', '1265476890672672817', '1264622039642255421');
INSERT INTO "SYS_ROLE_MENU" VALUES ('1307864934973153281', '1265476890672672817', '1264622039642255431');
INSERT INTO "SYS_ROLE_MENU" VALUES ('1307864935392583681', '1265476890672672817', '1264622039642255441');
INSERT INTO "SYS_ROLE_MENU" VALUES ('1307864935820402689', '1265476890672672817', '1264622039642255451');
INSERT INTO "SYS_ROLE_MENU" VALUES ('1307864936239833090', '1265476890672672817', '1264622039642255461');
INSERT INTO "SYS_ROLE_MENU" VALUES ('1307864936663457793', '1265476890672672817', '1264622039642255471');
INSERT INTO "SYS_ROLE_MENU" VALUES ('1307864937087082498', '1265476890672672817', '1264622039642255481');
INSERT INTO "SYS_ROLE_MENU" VALUES ('1307864937506512898', '1265476890672672817', '1264622039642255491');
INSERT INTO "SYS_ROLE_MENU" VALUES ('1307864937938526210', '1265476890672672817', '1264622039642255501');
INSERT INTO "SYS_ROLE_MENU" VALUES ('1307864938357956610', '1265476890672672817', '1264622039642255511');
INSERT INTO "SYS_ROLE_MENU" VALUES ('1307864938777387010', '1265476890672672817', '1264622039642255521');
INSERT INTO "SYS_ROLE_MENU" VALUES ('1307864939201011713', '1265476890672672817', '1264622039642255531');
INSERT INTO "SYS_ROLE_MENU" VALUES ('1307864939624636418', '1265476890672672817', '1264622039642255541');
INSERT INTO "SYS_ROLE_MENU" VALUES ('1307864940044066817', '1265476890672672817', '1264622039642255551');
INSERT INTO "SYS_ROLE_MENU" VALUES ('1307864940467691522', '1265476890672672817', '1264622039642255561');
INSERT INTO "SYS_ROLE_MENU" VALUES ('1307864940933259265', '1265476890672672817', '1264622039642255571');
INSERT INTO "SYS_ROLE_MENU" VALUES ('1307864941356883970', '1265476890672672817', '1264622039642255581');
INSERT INTO "SYS_ROLE_MENU" VALUES ('1307864941776314369', '1265476890672672817', '1264622039642255591');
INSERT INTO "SYS_ROLE_MENU" VALUES ('1307864942195744769', '1265476890672672817', '1264622039642255601');
INSERT INTO "SYS_ROLE_MENU" VALUES ('1307864942619369473', '1265476890672672817', '1264622039642255621');
INSERT INTO "SYS_ROLE_MENU" VALUES ('1307864943042994178', '1265476890672672817', '1264622039642255631');
INSERT INTO "SYS_ROLE_MENU" VALUES ('1307864943462424577', '1265476890672672817', '1264622039642255641');
INSERT INTO "SYS_ROLE_MENU" VALUES ('1307864943886049282', '1265476890672672817', '1264622039642255651');
INSERT INTO "SYS_ROLE_MENU" VALUES ('1307864944309673986', '1265476890672672817', '1264622039642255661');
INSERT INTO "SYS_ROLE_MENU" VALUES ('1307864944733298690', '1265476890672672817', '1264622039642255611');
INSERT INTO "SYS_ROLE_MENU" VALUES ('1307864945156923393', '1265476890672672817', '1264622039642257321');
INSERT INTO "SYS_ROLE_MENU" VALUES ('1307864945576353793', '1265476890672672817', '1264622039642257331');
INSERT INTO "SYS_ROLE_MENU" VALUES ('1307864945999978497', '1265476890672672817', '1264622039642257471');
INSERT INTO "SYS_ROLE_MENU" VALUES ('1307864946423603201', '1265476890672672817', '1264622039642257481');
INSERT INTO "SYS_ROLE_MENU" VALUES ('1307864946847227905', '1265476890672672817', '1264622039642257341');
INSERT INTO "SYS_ROLE_MENU" VALUES ('1307864947266658305', '1265476890672672817', '1264622039642257411');
INSERT INTO "SYS_ROLE_MENU" VALUES ('1307864947681894402', '1265476890672672817', '1264622039642257421');
INSERT INTO "SYS_ROLE_MENU" VALUES ('1307864948109713409', '1265476890672672817', '1264622039642257431');
INSERT INTO "SYS_ROLE_MENU" VALUES ('1307864948529143810', '1265476890672672817', '1264622039642257441');
INSERT INTO "SYS_ROLE_MENU" VALUES ('1307864948952768513', '1265476890672672817', '1264622039642257451');
INSERT INTO "SYS_ROLE_MENU" VALUES ('1307864949380587522', '1265476890672672817', '1264622039642257461');
INSERT INTO "SYS_ROLE_MENU" VALUES ('1307864949804212225', '1265476890672672817', '1264622039642257351');
INSERT INTO "SYS_ROLE_MENU" VALUES ('1307864950223642626', '1265476890672672817', '1264622039642257361');
INSERT INTO "SYS_ROLE_MENU" VALUES ('1307864950638878721', '1265476890672672817', '1264622039642257371');
INSERT INTO "SYS_ROLE_MENU" VALUES ('1307864951066697729', '1265476890672672817', '1264622039642257381');
INSERT INTO "SYS_ROLE_MENU" VALUES ('1307864951490322433', '1265476890672672817', '1264622039642257391');
INSERT INTO "SYS_ROLE_MENU" VALUES ('1307864951913947137', '1265476890672672817', '1264622039642257401');
INSERT INTO "SYS_ROLE_MENU" VALUES ('1307864952329183233', '1265476890672672817', '1264622039642257491');
INSERT INTO "SYS_ROLE_MENU" VALUES ('1307864952757002241', '1265476890672672817', '1264622039642257501');
INSERT INTO "SYS_ROLE_MENU" VALUES ('1307864953176432642', '1265476890672672817', '1264622039642257511');
INSERT INTO "SYS_ROLE_MENU" VALUES ('1307864953600057346', '1265476890672672817', '1264622039642256831');
INSERT INTO "SYS_ROLE_MENU" VALUES ('1307864954019487746', '1265476890672672817', '1264622039642257031');
INSERT INTO "SYS_ROLE_MENU" VALUES ('1307864954447306754', '1265476890672672817', '1264622039642257021');
INSERT INTO "SYS_ROLE_MENU" VALUES ('1307864954870931458', '1265476890672672817', '1264622039642257061');
INSERT INTO "SYS_ROLE_MENU" VALUES ('1307864955290361857', '1265476890672672817', '1264622039642257261');
INSERT INTO "SYS_ROLE_MENU" VALUES ('1307864955709792258', '1265476890672672817', '1264622039642257301');
INSERT INTO "SYS_ROLE_MENU" VALUES ('1307864956133416962', '1265476890672672817', '1264622039642257271');
INSERT INTO "SYS_ROLE_MENU" VALUES ('1307864956557041665', '1265476890672672817', '1264622039642257462');
INSERT INTO "SYS_ROLE_MENU" VALUES ('1307864956976472066', '1265476890672672817', '1264622039642256912');
INSERT INTO "SYS_ROLE_MENU" VALUES ('1307864957400096770', '1265476890672672817', '1264622039642255911');
INSERT INTO "SYS_ROLE_MENU" VALUES ('1307864957861470210', '1265476890672672817', '1264622039642257522');
INSERT INTO "SYS_ROLE_MENU" VALUES ('1307864958280900610', '1265476890672672817', '1264622039642257523');
INSERT INTO "SYS_ROLE_MENU" VALUES ('1307864958704525314', '1265476890672672817', '1264622039642257524');
INSERT INTO "SYS_ROLE_MENU" VALUES ('1307864959132344321', '1265476890672672817', '1264622039642257525');
INSERT INTO "SYS_ROLE_MENU" VALUES ('1307864959555969026', '1265476890672672817', '1264622039642257532');
INSERT INTO "SYS_ROLE_MENU" VALUES ('1307864959975399425', '1265476890672672817', '1264622039642257531');
INSERT INTO "SYS_ROLE_MENU" VALUES ('1307864960399024129', '1265476890672672817', '1264622039642257311');
INSERT INTO "SYS_ROLE_MENU" VALUES ('1307864960822648833', '1265476890672672817', '1264622039642257312');
INSERT INTO "SYS_ROLE_MENU" VALUES ('1307864961242079233', '1265476890672672817', '1264622039642257313');
INSERT INTO "SYS_ROLE_MENU" VALUES ('1307864961657315330', '1265476890672672817', '1264622039642257314');
INSERT INTO "SYS_ROLE_MENU" VALUES ('1307864962085134337', '1265476890672672817', '1264622039642256821');
INSERT INTO "SYS_ROLE_MENU" VALUES ('1307864962504564737', '1265476890672672817', '1264622039642257022');
COMMIT;

-- ----------------------------
-- Table structure for sys_sms
-- ----------------------------
CREATE TABLE "SYS_SMS" (
  "ID" NUMBER(20) NOT NULL ,
  "PHONE_NUMBERS" NVARCHAR2(200) NOT NULL ,
  "VALIDATE_CODE" NVARCHAR2(255) ,
  "TEMPLATE_CODE" NVARCHAR2(255) ,
  "BIZ_ID" NVARCHAR2(255) ,
  "STATUS" NUMBER(4) NOT NULL ,
  "SOURCE" NUMBER(4) NOT NULL ,
  "INVALID_TIME" DATE ,
  "CREATE_TIME" DATE ,
  "CREATE_USER" NUMBER(20) ,
  "UPDATE_TIME" DATE ,
  "UPDATE_USER" NUMBER(20)
)
;
COMMENT ON COLUMN "SYS_SMS"."ID" IS '主键';
COMMENT ON COLUMN "SYS_SMS"."PHONE_NUMBERS" IS '手机号';
COMMENT ON COLUMN "SYS_SMS"."VALIDATE_CODE" IS '短信验证码';
COMMENT ON COLUMN "SYS_SMS"."TEMPLATE_CODE" IS '短信模板ID';
COMMENT ON COLUMN "SYS_SMS"."BIZ_ID" IS '回执id，可根据该id查询具体的发送状态';
COMMENT ON COLUMN "SYS_SMS"."STATUS" IS '发送状态（字典 0 未发送，1 发送成功，2 发送失败，3 失效）';
COMMENT ON COLUMN "SYS_SMS"."SOURCE" IS '来源（字典 1 app， 2 pc， 3 其他）';
COMMENT ON COLUMN "SYS_SMS"."INVALID_TIME" IS '失效时间';
COMMENT ON COLUMN "SYS_SMS"."CREATE_TIME" IS '创建时间';
COMMENT ON COLUMN "SYS_SMS"."CREATE_USER" IS '创建人';
COMMENT ON COLUMN "SYS_SMS"."UPDATE_TIME" IS '更新时间';
COMMENT ON COLUMN "SYS_SMS"."UPDATE_USER" IS '更新人';
COMMENT ON TABLE "SYS_SMS" IS '短信信息发送表';

-- ----------------------------
-- Table structure for sys_timers
-- ----------------------------
CREATE TABLE "SYS_TIMERS" (
  "ID" NUMBER(20) NOT NULL ,
  "TIMER_NAME" NVARCHAR2(255) ,
  "ACTION_CLASS" NVARCHAR2(255) ,
  "CRON" NVARCHAR2(255) ,
  "JOB_STATUS" NUMBER(4) ,
  "REMARK" NVARCHAR2(1000) ,
  "CREATE_TIME" DATE ,
  "CREATE_USER" NUMBER(20) ,
  "UPDATE_TIME" DATE ,
  "UPDATE_USER" NUMBER(20)
)
;
COMMENT ON COLUMN "SYS_TIMERS"."ID" IS '定时器id';
COMMENT ON COLUMN "SYS_TIMERS"."TIMER_NAME" IS '任务名称';
COMMENT ON COLUMN "SYS_TIMERS"."ACTION_CLASS" IS '执行任务的class的类名（实现了TimerTaskRunner接口的类的全称）';
COMMENT ON COLUMN "SYS_TIMERS"."CRON" IS '定时任务表达式';
COMMENT ON COLUMN "SYS_TIMERS"."JOB_STATUS" IS '状态（字典 1运行  2停止）';
COMMENT ON COLUMN "SYS_TIMERS"."REMARK" IS '备注信息';
COMMENT ON COLUMN "SYS_TIMERS"."CREATE_TIME" IS '创建时间';
COMMENT ON COLUMN "SYS_TIMERS"."CREATE_USER" IS '创建人';
COMMENT ON COLUMN "SYS_TIMERS"."UPDATE_TIME" IS '更新时间';
COMMENT ON COLUMN "SYS_TIMERS"."UPDATE_USER" IS '更新人';
COMMENT ON TABLE "SYS_TIMERS" IS '定时任务';

-- ----------------------------
-- Records of sys_timers
-- ----------------------------
INSERT INTO "SYS_TIMERS" VALUES ('1288760324837851137', '定时同步缓存常量', 'com.cn.xiaonuo.sys.modular.timer.tasks.RefreshConstantsTaskRunner', '0 0/1 * * * ?', '1', '定时同步sys_config表的数据到缓存常量中', TO_DATE('2020-07-30 16:56:20', 'SYYYY-MM-DD HH24:MI:SS'), '1265476890672672808', TO_DATE('2020-07-30 16:58:52', 'SYYYY-MM-DD HH24:MI:SS'), '1265476890672672808');
INSERT INTO "SYS_TIMERS" VALUES ('1304971718170832898', '定时打印一句话', 'com.cn.xiaonuo.sys.modular.timer.tasks.SystemOutTaskRunner', '0 0 * * * ? *', '2', '定时打印一句话', TO_DATE('2020-09-13 10:34:37', 'SYYYY-MM-DD HH24:MI:SS'), '1265476890672672808', TO_DATE('2020-09-23 20:37:48', 'SYYYY-MM-DD HH24:MI:SS'), '1265476890672672808');
COMMIT;

-- ----------------------------
-- Table structure for sys_user
-- ----------------------------
CREATE TABLE "SYS_USER" (
  "ID" NUMBER(20) NOT NULL ,
  "ACCOUNT" NVARCHAR2(50) NOT NULL ,
  "PASSWORD" NVARCHAR2(100) NOT NULL ,
  "NICK_NAME" NVARCHAR2(50) ,
  "NAME" NVARCHAR2(100) NOT NULL ,
  "AVATAR" NUMBER(20) ,
  "BIRTHDAY" DATE ,
  "SEX" NUMBER(4) NOT NULL ,
  "EMAIL" NVARCHAR2(50) ,
  "PHONE" NVARCHAR2(50) ,
  "TEL" NVARCHAR2(50) ,
  "LAST_LOGIN_IP" NVARCHAR2(100) ,
  "LAST_LOGIN_TIME" DATE ,
  "ADMIN_TYPE" NUMBER(4) NOT NULL ,
  "STATUS" NUMBER(4) NOT NULL ,
  "CREATE_TIME" DATE ,
  "CREATE_USER" NUMBER(20) ,
  "UPDATE_TIME" DATE ,
  "UPDATE_USER" NUMBER(20)
)
;
COMMENT ON COLUMN "SYS_USER"."ID" IS '主键';
COMMENT ON COLUMN "SYS_USER"."ACCOUNT" IS '账号';
COMMENT ON COLUMN "SYS_USER"."PASSWORD" IS '密码';
COMMENT ON COLUMN "SYS_USER"."NICK_NAME" IS '昵称';
COMMENT ON COLUMN "SYS_USER"."NAME" IS '姓名';
COMMENT ON COLUMN "SYS_USER"."AVATAR" IS '头像';
COMMENT ON COLUMN "SYS_USER"."BIRTHDAY" IS '生日';
COMMENT ON COLUMN "SYS_USER"."SEX" IS '性别(字典 1男 2女 3未知)';
COMMENT ON COLUMN "SYS_USER"."EMAIL" IS '邮箱';
COMMENT ON COLUMN "SYS_USER"."PHONE" IS '手机';
COMMENT ON COLUMN "SYS_USER"."TEL" IS '电话';
COMMENT ON COLUMN "SYS_USER"."LAST_LOGIN_IP" IS '最后登陆IP';
COMMENT ON COLUMN "SYS_USER"."LAST_LOGIN_TIME" IS '最后登陆时间';
COMMENT ON COLUMN "SYS_USER"."ADMIN_TYPE" IS '管理员类型（0超级管理员 1非管理员）';
COMMENT ON COLUMN "SYS_USER"."STATUS" IS '状态（字典 0正常 1冻结 2删除）';
COMMENT ON COLUMN "SYS_USER"."CREATE_TIME" IS '创建时间';
COMMENT ON COLUMN "SYS_USER"."CREATE_USER" IS '创建人';
COMMENT ON COLUMN "SYS_USER"."UPDATE_TIME" IS '更新时间';
COMMENT ON COLUMN "SYS_USER"."UPDATE_USER" IS '更新人';
COMMENT ON TABLE "SYS_USER" IS '系统用户表';

-- ----------------------------
-- Records of sys_user
-- ----------------------------
INSERT INTO "SYS_USER" VALUES ('1265476890672672808', 'superAdmin', '$2a$09$PiCiFNspSlTBE9CakVs8ZOqx0xa03X9wOm01gMasHch4929TpEWCC', '超级管理员', '超级管理员', NULL, TO_DATE('2020-03-18', 'SYYYY-MM-DD HH24:MI:SS'), '1', 'superAdmin@qq.com', '15228937093', '1234567890', '127.0.0.1', TO_DATE('2020-12-25 20:24:27', 'SYYYY-MM-DD HH24:MI:SS'), '1', '0', TO_DATE('2020-05-29 16:39:28', 'SYYYY-MM-DD HH24:MI:SS'), '-1', TO_DATE('2020-12-25 20:24:27', 'SYYYY-MM-DD HH24:MI:SS'), '-1');
INSERT INTO "SYS_USER" VALUES ('1275735541155614721', 'yubaoshan', '$2a$09$PiCiFNspSlTBE9CakVs8ZOqx0xa03X9wOm01gMasHch4929TpEWCC', '俞宝山', '俞宝山', NULL, TO_DATE('1992-10-03', 'SYYYY-MM-DD HH24:MI:SS'), '1', 'await183@qq.com', '18200001102', '', '127.0.0.1', TO_DATE('2020-09-23 10:15:10', 'SYYYY-MM-DD HH24:MI:SS'), '2', '0', TO_DATE('2020-06-24 18:20:30', 'SYYYY-MM-DD HH24:MI:SS'), '1265476890672672808', TO_DATE('2020-09-23 10:15:10', 'SYYYY-MM-DD HH24:MI:SS'), '-1');
INSERT INTO "SYS_USER" VALUES ('1280709549107552257', 'xuyuxiang', '$2a$09$PiCiFNspSlTBE9CakVs8ZOqx0xa03X9wOm01gMasHch4929TpEWCC', '就是那个锅', '徐玉祥', NULL, TO_DATE('2020-07-01', 'SYYYY-MM-DD HH24:MI:SS'), '1', NULL, '18200001100', NULL, '127.0.0.1', TO_DATE('2020-09-23 10:16:54', 'SYYYY-MM-DD HH24:MI:SS'), '2', '0', TO_DATE('2020-07-08 11:45:26', 'SYYYY-MM-DD HH24:MI:SS'), '1265476890672672808', TO_DATE('2020-09-23 10:16:54', 'SYYYY-MM-DD HH24:MI:SS'), '-1');
COMMIT;

-- ----------------------------
-- Table structure for sys_user_data_scope
-- ----------------------------
CREATE TABLE "SYS_USER_DATA_SCOPE" (
  "ID" NUMBER(20) NOT NULL ,
  "USER_ID" NUMBER(20) NOT NULL ,
  "ORG_ID" NUMBER(20) NOT NULL
)
;
COMMENT ON COLUMN "SYS_USER_DATA_SCOPE"."ID" IS '主键';
COMMENT ON COLUMN "SYS_USER_DATA_SCOPE"."USER_ID" IS '用户id';
COMMENT ON COLUMN "SYS_USER_DATA_SCOPE"."ORG_ID" IS '机构id';
COMMENT ON TABLE "SYS_USER_DATA_SCOPE" IS '系统用户数据范围表';

-- ----------------------------
-- Records of sys_user_data_scope
-- ----------------------------
INSERT INTO "SYS_USER_DATA_SCOPE" VALUES ('1277459951742840834', '1266277099455635457', '1265476890672672770');
INSERT INTO "SYS_USER_DATA_SCOPE" VALUES ('1277459952577507330', '1266277099455635457', '1265476890672672773');
INSERT INTO "SYS_USER_DATA_SCOPE" VALUES ('1277459953424756737', '1266277099455635457', '1265476890672672775');
INSERT INTO "SYS_USER_DATA_SCOPE" VALUES ('1277459954267811841', '1266277099455635457', '1265476890672672774');
INSERT INTO "SYS_USER_DATA_SCOPE" VALUES ('1280712071570366466', '1275735541155614721', '1265476890672672769');
INSERT INTO "SYS_USER_DATA_SCOPE" VALUES ('1280712071570366467', '1275735541155614721', '1265476890672672771');
INSERT INTO "SYS_USER_DATA_SCOPE" VALUES ('1280712071578755074', '1275735541155614721', '1265476890672672772');
COMMIT;

-- ----------------------------
-- Table structure for sys_user_role
-- ----------------------------
CREATE TABLE "SYS_USER_ROLE" (
  "ID" NUMBER(20) NOT NULL ,
  "USER_ID" NUMBER(20) NOT NULL ,
  "ROLE_ID" NUMBER(20) NOT NULL
)
;
COMMENT ON COLUMN "SYS_USER_ROLE"."ID" IS '主键';
COMMENT ON COLUMN "SYS_USER_ROLE"."USER_ID" IS '用户id';
COMMENT ON COLUMN "SYS_USER_ROLE"."ROLE_ID" IS '角色id';
COMMENT ON TABLE "SYS_USER_ROLE" IS '系统用户角色表';

-- ----------------------------
-- Records of sys_user_role
-- ----------------------------
INSERT INTO "SYS_USER_ROLE" VALUES ('1283596900713574402', '1275735541155614721', '1265476890672672817');
INSERT INTO "SYS_USER_ROLE" VALUES ('1283596949627547649', '1280709549107552257', '1265476890672672818');
COMMIT;

-- ----------------------------
-- Table structure for sys_vis_log
-- ----------------------------
CREATE TABLE "SYS_VIS_LOG" (
  "ID" NUMBER(20) NOT NULL ,
  "NAME" NVARCHAR2(50) ,
  "SUCCESS" NCHAR(1) ,
  "MESSAGE" NCLOB ,
  "IP" NVARCHAR2(255) ,
  "LOCATION" NVARCHAR2(255) ,
  "BROWSER" NVARCHAR2(255) ,
  "OS" NVARCHAR2(255) ,
  "VIS_TYPE" NUMBER(4) NOT NULL ,
  "VIS_TIME" DATE ,
  "ACCOUNT" NVARCHAR2(50)
)
;
COMMENT ON COLUMN "SYS_VIS_LOG"."ID" IS '主键';
COMMENT ON COLUMN "SYS_VIS_LOG"."NAME" IS '名称';
COMMENT ON COLUMN "SYS_VIS_LOG"."SUCCESS" IS '是否执行成功（Y-是，N-否）';
COMMENT ON COLUMN "SYS_VIS_LOG"."MESSAGE" IS '具体消息';
COMMENT ON COLUMN "SYS_VIS_LOG"."IP" IS 'ip';
COMMENT ON COLUMN "SYS_VIS_LOG"."LOCATION" IS '地址';
COMMENT ON COLUMN "SYS_VIS_LOG"."BROWSER" IS '浏览器';
COMMENT ON COLUMN "SYS_VIS_LOG"."OS" IS '操作系统';
COMMENT ON COLUMN "SYS_VIS_LOG"."VIS_TYPE" IS '操作类型（字典 1登入 2登出）';
COMMENT ON COLUMN "SYS_VIS_LOG"."VIS_TIME" IS '访问时间';
COMMENT ON COLUMN "SYS_VIS_LOG"."ACCOUNT" IS '访问账号';
COMMENT ON TABLE "SYS_VIS_LOG" IS '系统访问日志表';

-- ----------------------------
-- Table structure for xn_code_gen_test
-- ----------------------------
CREATE TABLE "XN_CODE_GEN_TEST" (
  "ID" NUMBER(20) NOT NULL ,
  "NAME" NVARCHAR2(255) ,
  "AGE" NUMBER(11) ,
  "INTEREST" NVARCHAR2(255) ,
  "SWITCHTEST" NVARCHAR2(255) ,
  "BIRTHDAY" DATE ,
  "WHETHER" NVARCHAR2(255) ,
  "EXPLAIN_TEST" NVARCHAR2(255) ,
  "CREATE_TIME" DATE ,
  "CREATE_USER" NUMBER(20) ,
  "UPDATE_TIME" DATE ,
  "UPDATE_USER" NUMBER(20)
)
;
COMMENT ON COLUMN "XN_CODE_GEN_TEST"."ID" IS '主键';
COMMENT ON COLUMN "XN_CODE_GEN_TEST"."NAME" IS '姓名';
COMMENT ON COLUMN "XN_CODE_GEN_TEST"."AGE" IS '年龄';
COMMENT ON COLUMN "XN_CODE_GEN_TEST"."INTEREST" IS '兴趣';
COMMENT ON COLUMN "XN_CODE_GEN_TEST"."SWITCHTEST" IS '开关';
COMMENT ON COLUMN "XN_CODE_GEN_TEST"."BIRTHDAY" IS '日期';
COMMENT ON COLUMN "XN_CODE_GEN_TEST"."WHETHER" IS '是否已婚';
COMMENT ON COLUMN "XN_CODE_GEN_TEST"."EXPLAIN_TEST" IS '简介';
COMMENT ON COLUMN "XN_CODE_GEN_TEST"."CREATE_TIME" IS '创建时间';
COMMENT ON TABLE "XN_CODE_GEN_TEST" IS '测试';

-- ----------------------------
-- Primary Key structure for table sys_app
-- ----------------------------
ALTER TABLE "SYS_APP" ADD PRIMARY KEY ("ID");

-- ----------------------------
-- Primary Key structure for table sys_code_generate
-- ----------------------------
ALTER TABLE "SYS_CODE_GENERATE" ADD PRIMARY KEY ("ID");

-- ----------------------------
-- Primary Key structure for table sys_code_generate_config
-- ----------------------------
ALTER TABLE "SYS_CODE_GENERATE_CONFIG" ADD PRIMARY KEY ("ID");

-- ----------------------------
-- Primary Key structure for table sys_config
-- ----------------------------
ALTER TABLE "SYS_CONFIG" ADD PRIMARY KEY ("ID");

-- ----------------------------
-- Primary Key structure for table sys_dict_data
-- ----------------------------
ALTER TABLE "SYS_DICT_DATA" ADD PRIMARY KEY ("ID");

-- ----------------------------
-- Primary Key structure for table sys_dict_type
-- ----------------------------
ALTER TABLE "SYS_DICT_TYPE" ADD PRIMARY KEY ("ID");

-- ----------------------------
-- Primary Key structure for table sys_emp
-- ----------------------------
ALTER TABLE "SYS_EMP" ADD PRIMARY KEY ("ID");

-- ----------------------------
-- Primary Key structure for table sys_emp_ext_org_pos
-- ----------------------------
ALTER TABLE "SYS_EMP_EXT_ORG_POS" ADD PRIMARY KEY ("ID");

-- ----------------------------
-- Primary Key structure for table sys_emp_pos
-- ----------------------------
ALTER TABLE "SYS_EMP_POS" ADD PRIMARY KEY ("ID");

-- ----------------------------
-- Primary Key structure for table sys_file_info
-- ----------------------------
ALTER TABLE "SYS_FILE_INFO" ADD PRIMARY KEY ("ID");

-- ----------------------------
-- Primary Key structure for table sys_menu
-- ----------------------------
ALTER TABLE "SYS_MENU" ADD PRIMARY KEY ("ID");

-- ----------------------------
-- Primary Key structure for table sys_notice
-- ----------------------------
ALTER TABLE "SYS_NOTICE" ADD PRIMARY KEY ("ID");

-- ----------------------------
-- Primary Key structure for table sys_notice_user
-- ----------------------------
ALTER TABLE "SYS_NOTICE_USER" ADD PRIMARY KEY ("ID");

-- ----------------------------
-- Primary Key structure for table sys_oauth_user
-- ----------------------------
ALTER TABLE "SYS_OAUTH_USER" ADD PRIMARY KEY ("ID");

-- ----------------------------
-- Primary Key structure for table sys_op_log
-- ----------------------------
ALTER TABLE "SYS_OP_LOG" ADD PRIMARY KEY ("ID");

-- ----------------------------
-- Primary Key structure for table sys_org
-- ----------------------------
ALTER TABLE "SYS_ORG" ADD PRIMARY KEY ("ID");

-- ----------------------------
-- Primary Key structure for table sys_pos
-- ----------------------------
ALTER TABLE "SYS_POS" ADD PRIMARY KEY ("ID");

-- ----------------------------
-- Indexes structure for table sys_pos
-- ----------------------------
CREATE UNIQUE INDEX "CODE_UNI"
  ON "SYS_POS" ("CODE");

-- ----------------------------
-- Primary Key structure for table sys_role
-- ----------------------------
ALTER TABLE "SYS_ROLE" ADD PRIMARY KEY ("ID");

-- ----------------------------
-- Primary Key structure for table sys_role_data_scope
-- ----------------------------
ALTER TABLE "SYS_ROLE_DATA_SCOPE" ADD PRIMARY KEY ("ID");

-- ----------------------------
-- Primary Key structure for table sys_role_menu
-- ----------------------------
ALTER TABLE "SYS_ROLE_MENU" ADD PRIMARY KEY ("ID");

-- ----------------------------
-- Primary Key structure for table sys_sms
-- ----------------------------
ALTER TABLE "SYS_SMS" ADD PRIMARY KEY ("ID");

-- ----------------------------
-- Primary Key structure for table sys_timers
-- ----------------------------
ALTER TABLE "SYS_TIMERS" ADD PRIMARY KEY ("ID");

-- ----------------------------
-- Primary Key structure for table sys_user
-- ----------------------------
ALTER TABLE "SYS_USER" ADD PRIMARY KEY ("ID");

-- ----------------------------
-- Primary Key structure for table sys_user_data_scope
-- ----------------------------
ALTER TABLE "SYS_USER_DATA_SCOPE" ADD PRIMARY KEY ("ID");

-- ----------------------------
-- Primary Key structure for table sys_user_role
-- ----------------------------
ALTER TABLE "SYS_USER_ROLE" ADD PRIMARY KEY ("ID");

-- ----------------------------
-- Primary Key structure for table sys_vis_log
-- ----------------------------
ALTER TABLE "SYS_VIS_LOG" ADD PRIMARY KEY ("ID");

-- ----------------------------
-- Primary Key structure for table xn_code_gen_test
-- ----------------------------
ALTER TABLE "XN_CODE_GEN_TEST" ADD PRIMARY KEY ("ID");
